NO;LOKASYON;TARİH;KULLANILAN  ARAÇ;BİLGİ; KOOORDİNAT;OSMANLI TOPRAĞI OLAN YERLER;;;;;;;;;;;;;;;;
1;San Francisco;22.04.1884;Gemi;22 Nisan 1884 sabahı saat sekizde. San Francisco ile Oakland arasında sefer yapan bir geminin güvertesindeyim. Golden State’in puslu tepeleri gökyüzüne doğru yükselirken. San Francisco körfezinin mavi sularına yansıyan bu manzara beni büyülüyor. Şehir. Mount Diablo ve Mount Tamalpais’in eteklerinde. alçak kıyı kesiminde yer alıyor. Körfez. bembeyaz yelkenlilerle dolu ve farklı ülkelerden gemilerin girip çıktığı geniş bir su yolu gibi. Bu büyüleyici görüntüler eşliğinde. dört millik bir yolculuğun ardından Oakland limanına iniyorum.;37.77492872758367,-122.41941249490743;-;;;;;;;;;;;;;;;;
2;Oakland Limanı;22.04.1884;Gemi;Oakland Limanı’na vardığımda. sabahın o sisli manzarası hâlâ körfezin üzerinden çekilmemişti. Limanın çevresinde. San Francisco’nun aksine büyük bir doğallık ve sadelik vardı. Şehir. körfezin kıyısına dizilmiş evleri ve genişleyen yollarıyla karşılıyor beni. Küçük bir yelkenlinin suya inişini izliyor. körfezin üstündeki sessizliği içime çekiyorum. Suların üzerinde yavaşça süzülen tekneler. sabahın durgun havasında zarif bir tablo gibi görünüyor. Gözüm. parıldayan güneş ışığının çarptığı su yüzeyinde yarışan beyaz yelkenlilere takılıyor. Bu sessizlik ve huzur. yolculuğumun ilk saatlerine eşlik ediyor;37.795664441176214,-122.27917534712208;-;;;;;;;;;;;;;;;;
3;San Pablo;22.04.1884;Bisiklet;Yolun ilk yedi mili şose ve bu kısmı süratle geçiyorum. Ancak ikinci yarısı. geçen kış 1857’den beri en yağmurlu kış olduğu için kıvrımlarla bozulmuş. çukurlarla dolu ve hoş karşılanmayan iri kayalarla kaplı. 22 Nisan sabahı yaptığım üç millik şose yolunda bisikletle ilerlemeye başlıyorum. Hafifçe yükselen dalgalarla manzaraya bakarken. manzaranın çekiciliği içinde. çevreyi gözden geçirmek için fazlasıyla vakit ayırıyorum. Küçük bir yelkenliye binme hissi. hayatın en güzel yönlerinden biriymiş gibi geliyor. Saat 10’da San Pablo’ya ulaşıyorum.;37.962143004697765,-122.34553040576719;-;;;;;;;;;;;;;;;;
4;Suisun Körfezi;22.04.1884;Yaya;San Pablo’dan ayrıldıktan sonra. daha ilerideki yolları izleyerek Orta Pasifik Demiryolu’na bağlı olan elli mil uzaktaki Suisun noktasına gece ulaşmayı umuyordum. Ancak San Pablo’dan sonraki yolları iyi düşünmeden ilerledim. Gün boyunca bataklıklar ve suya doymuş topraklar arasında pedal çevirdim. Sıcaklık yüksekti ve tüm gün boyunca susuz kaldım. Suisun Körfezi’nin sınırındaki “tuile” bataklıklarının içinden. yorgun argın yürüyerek geçmek zorunda kaldım. Ayaklarımın altında uzayıp giden bataklık zemini. bisiklet sürmeyi imkânsız hâle getiriyordu. Yavaş ilerledim. adım adım bataklıkların içinden geçtim ve gece sonunda kendimi neredeyse tükenmiş bir hâlde buldum.;38.041335376147195,-121.84798488437814;-;;;;;;;;;;;;;;;;
5;Elmira;23.04.1884;Bisiklet;Ertesi sabah yağmur çiselerken yola çıkıyorum. Yaklaşık 16 mil ilerledikten sonra yağmurun hızlanmasıyla birlikte. o günü Elmira’da geçirmek zorunda kalıyorum. Burada geçirdiğim süre boyunca çevremdeki doğayı izliyorum. Geniş tarlalar. yol boyunca sıralanmış meyve ağaçları. üzüm bağları ve çiçek açmış şeftali. armut ve badem ağaçları gözümün önünde bir bahar manzarası oluşturuyor. Bu pembe ve beyaz tomurcuklarla dolu görüntü. içimi hafif bir bahar neşesiyle dolduruyor.;38.34824528018416,-121.90996886586034;-;;;;;;;;;;;;;;;;
6;Davisville;23.04.1884;Bisiklet;"Yolculuğumun bu ilk kısmı epeyce yorucuydu. Bu yüzden Davisville köyünde akşam yemeği için duruyorum. Ayaklarım. zorlu yollara uyum sağlayacak şekilde ayarlanmalıydı; bu yüzden zayıf düşmüş bisiklet ayakkabılarımı gerekli talimatlarla birlikte eski usullerle çalışan. yaşlı bir İrlandalı tamirciye bırakıyorum. Burada kısa bir mola vererek hem bedenimi hem de ekipmanımı toparlıyorum.";38.54283960321107,-121.74273608470035;-;;;;;;;;;;;;;;;;
7;Sacramento;24.04.1884;Bisiklet;"Sacramento’ya varıyorum. Burası Kaliforniya’nın başkenti ve şehir. geniş ve güzel sokaklarıyla. sakin atmosferiyle kendini hemen belli ediyor. Nehrin kenarında kurulmuş olan Sacramento. tarım arazileriyle çevrili bir yerleşim. Şehirde gezinirken. her şey düzenli ve sade bir görünüm taşıyor. Şehrin içinden geçerken. Sacramento Nehri’nin doğusuna doğru ilerliyorum. Nehri doğrudan geçmek mümkün değil; bu yüzden üç buçuk mil doğusundaki Amerikan Nehri’nin büyük akıntısının üzerinden geçen yüksek bir demir köprüyü kullanmam gerekiyor. Bu köprü oldukça etkileyici. Üzerine çıktığımda. köprüden aşağıya ve çevreye hâkim bir noktadayım. Gözümün önünde muazzam bir manzara uzanıyor: Düzensiz ormanlık tepeler doğuya doğru kıvrılarak ilerliyor. Bu ormanlar. zamanla yerini vadilere bırakıyor. Vadiler gittikçe daha engebeli. kayalık ve uçsuz bucaksız bir hâl alıyor. Vadiler. sonra dağlara. ardından ise derin kanyonlara dönüşüyor. Uzakta. hayalet gibi gökyüzüne doğru süzülen karanlık sırtlar beliriyor. En sonunda ise. mavi gökyüzüne uzanan çıplak. beyaz doruklar seçiliyor. Bu manzara karşısında. artık Sierra Nevada Dağları’nın eşiğinde olduğumu hissediyorum. Gerçek anlamda dağlık bölgelere adım attığım bu noktada. önümde uzanan yolun zorlu ama görkemli olacağını biliyorum.";38.5781349645636,-121.49441700666709;-;;;;;;;;;;;;;;;;
8;Newcastle;25.04.1884;Bisiklet;Sacramento’dan ayrıldıktan sonra. bisikletimi yönlendirmek giderek zorlaşıyor. Yol. dar patikalardan. çakıllı geçitlerden ve ufalanmış kayalardan oluşuyor. Kaliforniya’nın iç kesimlerine ilerledikçe. manzara çoraklaşıyor. Zaman zaman yanlış yollara sapıyor. ardından doğru yönü bulmak için dönmek zorunda kalıyorum. Newcastle’a yaklaşırken geçmişin altına hücum yıllarına dair izler beliriyor. Yol kenarlarında. madencilerin açtığı eski kuyular. kanallar ve taş yığınlarıyla dolu araziler göze çarpıyor. Bir zamanlar altın arayan kalabalıkların dolaştığı bu topraklarda artık sessizlik hüküm sürüyor. Newcastle’ın çevresinde hâlâ eski maden alanlarına ait izler var. Buradaki küçük vadilerde. “keşif” ateşiyle yanıp tutuşan madencilerin açtığı kuyular dikkat çekiyor. İçlerinden biri olan Gold Hill ve Ophir gibi yerleşimlerin yakınında. bir zamanlar altın bulan insanların öyküleri anlatılıyor. Newcastle’dan ayrıldıktan sonra. bu altın çağın ruhunu biraz olsun hissetmeye devam ediyorum. Bu atmosferde. yolların yalnızlığında ilerlerken zaman zaman geçmişin yankıları kulağımda çınlıyor gibi geliyor.;38.87368471968644,-121.13388498312663;-;;;;;;;;;;;;;;;;
9;Clipper Gap;27.04.1884;Bisiklet;"Clipper Gap’e vardığımda yerleşimin küçük ve dağınık olduğunu görüyorum. Burada kısa bir mola veriyorum. Günün bu saatinde hava oldukça soğuk ve kasvetli. Ayaklarım ıslanmış. rüzgâr içimi titretiyor. Kasabanın çevresi karla kaplı; yollar çamurlu. Tren yolunun hemen yanında konumlanan bu küçük noktada. yalnızca birkaç ev ve birkaç insanla karşılaşıyorum. Burada fazla oyalanmadan. ayakkabılarımı kurutmaya bile fırsat bulamadan tekrar yola çıkıyorum. Yolun geri kalanı zorlu olacak gibi görünüyor. ama önümde uzanan dağ manzarası yine de içimde bir merak uyandırıyor.";38.969348922942046,-121.01744303436163;-;;;;;;;;;;;;;;;;
10;Cape Horn;28.04.1884;Bisiklet;Cape Horn’a yaklaştıkça yolun zorluğu artıyor. Demiryolu hattına paralel ilerliyor. ama yükseklik ve sert eğimler nedeniyle bisiklet sürmek giderek imkânsız hâle geliyor. Bu noktada artık bisikletimi elime alıp yürümek zorunda kalıyorum. Cape Horn. 10 mil uzunluğundaki zorlu bir tırmanıştan sonra ulaşılan tehlikeli bir virajın üst kısmında yer alıyor. Tepenin etrafından dolaşmak bile cesaret isteyen bir iş. Ayakta durduğum yerin kenarından aşağıya doğru bakarken. yaklaşık 750 metre kadar derinliğe sahip bir uçurum görüyorum. Sadece rayların kıvrıldığı bu noktaya değil. aynı zamanda aşağıda vadinin içlerine doğru uzanan muazzam doğa manzarasına da tanık oluyorum. Cape Horn’un çevresinde kurulu yabanî doğa. hem hayranlık hem de tedirginlik verici bir izlenim bırakıyor. Bu yükseklikten sonra. yokuş aşağı ilerlemek mümkün oluyor. Yine de yolun dar ve virajlı olması beni dikkatli olmaya zorluyor. Eğimli patikalardan bisikletimi kontrollü şekilde indiriyorum. Dağların eteğinden geçerken. ormanlık alanlar ve derin uçurumlar arasında kalan patikalarda yol alıyorum. Bu noktada artık Sierra Nevada’nın kalbine girdiğimi hissediyorum.;45.57262473776855,-122.19509187549285;-;;;;;;;;;;;;;;;;
11;Dutch Flat;28.04.1884;Bisiklet;"Cape Horn’un 10 mil doğusundaki Dutch Flat’a ulaştığımda gökyüzü yeniden açılıyor ve hafızama “su. su. her yerde su” diye kazınan bir yer olarak kalıyor. Yalan söylemenin anlamı yok; burada gerçekten içecek çok şey var. … Yukarıdan sel gibi su boşalıyor. sokaklar küçük dereciklere dönüşüyor. Kanallardan gelen suyun sesi neredeyse müzik gibi. Çevrede büyük borularla taşınan akıntılar. tepelere kadar ulaşıyor. Çünkü Dutch Flat. Kaliforniya’daki en büyük hidrolik maden çalışmalarının merkezlerinden biri. Sel gibi akan sular. kanallardan alınıp birkaç mil boyunca tahta su yolları ve demir borularla taşınıyor. Sonra da hortumlarla tepelere sıkılıyor. Yağmur başladığı gibi aniden kesiliyor ve ben tekrar yola devam ediyorum.";39.20596039797249,-120.83781127553902;-;;;;;;;;;;;;;;;;
12;Truckee;30.04.1884;Yaya;"Sierra Dağları’nın doğu eteklerindeyim. Truckee Nehri boyunca ilerliyor. Nevada sınırını geçerek yoluma devam ediyorum. Yol dar. sert. tünellerle ve karanlık geçitlerle dolu. Yüzey kaygan. zeminde dumanlar yükseliyor. Tünel çıkışlarında trenin sesi yankılanıyor; önümde beliren her gölge ya da duman. içgüdüsel bir dikkatle karşılanıyor. Donner Lake’in manzarasıyla karşılaştığımda. içimdeki yorgunluk bir anlığına dağılmış gibi oluyor. “Sierra’ların mücevheri” olarak anılan gölü seyretmek için bir çam ağacına tırmanıyorum. Göl kenarında kamp yapmış bir grup göçmenle karşılaşıyorum. Görünüşe göre bu kişiler. baharda bastıran karlar nedeniyle mahsur kalmışlar. … Truckee kasabasına ulaşıyorum. Dağların yamaçlarında kurulmuş. küçük ama canlı bir yerleşim. Nehir kenarında bulunan kasabada. insanların günlük yaşamları doğanın zor koşullarıyla iç içe geçmiş durumda. Truckee’den sonra Verdi’ye doğru ilerliyorum.";39.32796051982436,-120.18325045039444;-;;;;;;;;;;;;;;;;
13;Verdi;30.04.1884;Bisiklet;Nevada sınırının birkaç mil ötesindeki bir istasyon olan Verdi’ye ulaşmadan önce iyi bir yol bulup bisikletime biniyorum ve sanki Fresco’dan beri bütün yolu hiç inmeden gelmişim gibi bir soğukkanlılıkla küçük otelin kapısında iniyorum. Verdi’de. bir araya toplanmış büyük bir merakla bisikletimi inceleyerek Digger yerlilerinden üstün olduklarını gösteren Washoe yerlilerine rastlıyorum. Verdi ile Sierra dağlarının zirvesi arasındaki mesafe 40 milden daha az ve otelin verandasından hâlen şiddetle devam ettiğini görebiliyorum. Ama çoktan daha kuru ve tamamıyla değişik bir iklimin içinde olduğum anlaşılıyor. Hediye­lerle uzak ülkelere giden barış elçileri gibi. nem yükleriyle kıyıdan içeri­lere doğru giden büyük bulut kütleleri. yolları üzerinde gökyüzüne doğru yükselen dağ engelini aşamadıklarından değerli yüklerini dağlarda boşaltıyor ve kavrulan Nevada ovaları da susayan ağızlarını boşuna açmış oluyor. Verdi’de Golden State’e hoşça kal deyip pırıldayan Truckee nehri boyunca Forty-mile çölüne giden yolu takip ediyorum.;39.521544926545076,-120.00786410573983;-;;;;;;;;;;;;;;;;
14;Reno;01.05.1884;Bisiklet;"Sabah 10:30' da Reno'ya girdiğinde Uzak Batı'nın misafirperverliği kendini bir kez daha gösteriyor ve sportif birisi yanında bir iki gün kalıp masraflarını kendisi karşıladığı "" Reno' yu kırmızıya boyamada""  yardım etmem için beni davet ediyor. Reno' dan ayrılınca yolum. Viriginia şehir pazarı için ürün yetiştirerek çok fazla para kazanaılan verimli tarım arazilreri durumundaki ünlü Truckee çayırlarından geçiyor.";39.529920475568034,-119.81426990334245;-;;;;;;;;;;;;;;;;
15;Humboldt Vadisi;04.05.1884;Bisiklet;Forty-mile çölünden sonra yolum Humboldt nehri vadisine düşüyor. Nehrin kıyılarında bir düzine kadar Piute evi var ve yarım saatliğine onları ziyaret ediyorum. …ama bisikletimle sage-brushların arasında onlara doğru güçlükle ilerlerken herhangi bir memnuniyet ya da memnuniyetsizlik belirtisi göstermiyorlar. Bugünün soylu Piute’si yola gelmez bir dilencidir. 4 Mayıs Pazar. Humboldt nehri üzerindeki Lovelocks köyünde kaldığım dikkate değer bir gündü. Lovelocks istasyonunun arkasında beni görmek için toplanan kadar karışık ve hayatlarında hiç bisiklet görmemiş bir kalabalık daha önce toplanmamıştı. Burada. Lovelocks’da. medeni kıyafetlerin karıştığı. gökkuşağı renklerinin birbiriyle harmanlandığı giysileriyle profesyonel polo oyuncularının çevikliğini aratmadan saha içinde oradan oraya koşturuyor. Humboldt vadisinden yukarı. düz alkali zeminde bisikletimi sürerek veya derin kumda köle gibi taşıyarak ilerliyorum.;40.73916863741848,-124.22789056967723;-;;;;;;;;;;;;;;;;
16;Battle Mountain;07.05.1884;Bisiklet;20 mil ilerideki Battle Mountain’a (Savaş Dağı) doğru gidiyorum. Ay yükselmiş ve son dördünde. Yatakhaneden çıkarken beni karşılayandan daha güzel bir görüntü düşünmek pek mümkün değil. Bu kuru ve yüksek bölgenin açık havasında izlenen muhteşem ay ışığının ne anlama geldiğini. sadece dağların arasındaki bu bölgede bulunmuş olanlar anlayabilir. Ortalık neredeyse gündüz kadar aydınlık ve yolun bazı kısımları kolaylıkla görülebiliyor. Solgun ay ışığı tüm vadiyi yumuşak. gümüşî bir ışıkla doldururken karlı dağların tepeleri hayalet gibi bembeyaz renkte beliriyor.;41.07265214791879,-122.87167089408045;-;;;;;;;;;;;;;;;;
17;Beowawe;07.05.1884;Bisiklet;Be-o-wa-we yerleşim yerinden sürüklenip kıyıya yerleşmiş bir çift eski çit direği fark ediyorum. […] Be-o-wa-we bahar toplanması için hazırlanan birçok kovboyla dolu. Beyazlar. Kızılderililer ve Meksikalılar rengârenk bir kalabalık oluşturuyor. Sırtlarındaki ayı postları. yarı medeni koşu takımlarıyla köyün içinde ve etrafında oradan oraya dört nala koşarken vahşi bir gruba benziyorlar. Bir günlüğüne durup biraz eğlenme davetine. ‘hiç vaktim yok. yoksa kalırdım’ gibi bir yalan söylüyorum. Şimdi her şeyin ötesinde bir bisiklet. özel ve dikkat çekici bir nesne olarak. özellikle de üzerinde bir adam varken bir kovboyun ilgi alanına zorla da olsa giriyor. Dostluk işareti olarak karşılıklı gülümseştikten ve bisikletin nasıl işlediğini gösterdikten sonra vadiden yukarı doğru yoluma devam etmeyi akıllıca buluyorum.;40.592700599990074,-116.47730215073288;-;;;;;;;;;;;;;;;;
18;Carlin;07.05.1884;Bisiklet;Carlin’e giden yolda kanyondan çıkmadan önce karanlık çöküyor. Daha ilerilerde boğaz genişliyor ve sık çalılıklar yol ile nehrin arasına giriyor. Çalıların arasından. benim yolumun üzerinde birbirinin emsali minyatür iki aya benzer. fosfor gibi ışıldayan iki yuvarlak top görüyorum. … Carlin’e ulaştığımda geç olsa da “çocukların” bisiklete nasıl binildiğini görmeleri gerekiyordu ve başka uygun bir yer olmadığından otelin havuzu çevresinde birkaç tur atmayı başarıyorum. … Nevada’nın bu kısmında ufak sürüşler yapmak mümkün ve kendi üzerime ısrarla yüklediğim günlük 40 mili tamamlamak için bazen erken saatlerde yola çıkıyorum. … Genel olarak Humboldt Dağları adıyla Nevada’nın bu bölgesini yeniden çaprazlama geçen birçok dağ sırasında başka bir yarık olan “Five Mile Canyon”daki demir yolunu takip ederken. güneşin doğuşu kadar sıkı bir şekilde saatimi ayarlayarak karşılaşıyorum. … Gözlerime kum ile çakıl fırlatıyor. … Böylece ben de üzerlerinde bir kartuş israf edecek değilim. … Akşam yemeğini yediğim Elko’da. tanıdığım Alkali Bill lakaplı biriyle tanıştım.;40.71380894368432,-116.10396032236295;-;;;;;;;;;;;;;;;;
19;Wells;08.05.1884;Bisiklet;"Wells. ismini kasaba yakınındaki bir grup tuhaf kaynaktan alıyor. Şu an sönmüş volkanlar oldukları sanılıyor. ancak raporlara göre tabanı incelemeye yetecek uzunlukta sondaj borusu bulunamamış.
Bir gün zavallı. hiçbir şeyden şüphelenmeyen bir acemi bu sevilen kaynaklardan birine meraksızca bakarken. volkan yeniden faaliyete geçebilir ve suyu buhara çevirip adamı gökyüzüne fırlatabilir.
Volkanlar milyonlarca yıldan beri suyla dolu olabilir ancak sırf bu yüzden güvenmemek gerekir. Bu günlerden birinde sakin bir vatandaşı şaşkınlığa uğratacakları konusunda onlara güvenmek gerekir.
Buradaki her şey şaşırtıyor. Çöle bakıyorsun ve karşıda akan su ile sallanan ağaçlar görüyorsun. ama dilin sarkmış ve kademeden öncesinde neredeyse belirlenmiş bir halde ulaşacağını düşündüğün kum ve kayalardan başka bir şey bulamayıp şaşırıyorsun.
Ağaçlar ve kuş yumurtaları bulma umuduyla bir dağa tırmandığında yüksek su izleri ve deniz kabukları bulup hayrete düşüyorsun.
En sonunda aynaya bakıyor ve rüzgarla birlikte güneşe maruz kalmanın hassas. sarışın tenini kendi annenin bile tanıyamayacağı biçimde yan etmiştir bir renge çevirdiğini görüp şok oluyorsun.";41.11158719673087,-114.96449053156003;-;;;;;;;;;;;;;;;;
20;Tacoma Köyü;09.05.1884;Bisiklet;"Utah sınırı yakınındaki Tacoma köyüne ulaşıyorum. Bu köyün üzerinde dolaşıp duran bir çeşit korkunç bela var. Bunu havasında bile hissedebiliyorsunuz. Barın müdavimleri yorgun ve üzgün bir şekilde oturuyor. Konuştukları zaman ise sadece Utah ve Wyoming sınırlarında karşılaşacağım zorlukları tahmin etmek için konuşuyorlar. Bir tanesi. “Salt Lake (Tuz Gölü) çamurunun siyah titrer sinekleri seni iyice ısırır.” diye kabaca konuşuyor. Bir başkası. “Bear River (Ayı Nehri) Weber kanyonu yolunda sele yol açmış.” diye kükürüyor.
“Yapabileceğin en kolay şey yabancı. nehirden karşıya geçmek ve buradan kurtulmak.” diyor bir üçüncüsü…
Kısık bir tonla “buraya” karşı olan bezginliğini ifade ederken… Tacoma köyünü kastediyor…
Köyde viski bitmiş. Evet. köyde viski kalmamış. Bu durumun bardaki insanlar üzerinde öylesine can sıkıcı bir etkisi var ki ben de daha fazla kalmadan. rüyalarımda Utah’ın yolumun üzerindeki geçit vermeyen çölleri ve güzel meyve bahçelerinin ilginç karışımını görmek için kendi odama çekiliyorum.";47.25513774470041,-122.44199503099563;-;;;;;;;;;;;;;;;;
21;Büyük Amerikan Çölü;10.05.1884;Bisiklet;"Yarın sabah kuzey sınırından geçeceğim Utah’taki “Büyük Amerikan Çölü” korkunç görünümlü bir bölge. Yolun solunda alçak. çıplak tepeler dizisi; sağında ise insan gözünün ilerilerde daha hareketli bir bölge keşfetme umutlarını yükseltecek yeşil bir nesne bulma gayretiyle boşuna taradığı itici bir düzlük bulunuyor. Tüm bunların üzerinde hem hava hem de bitki yaşamının bulunmadığı ölü bir coğrafyadaki boğucu sessizlik hâkim. Devasa çölün üzerinde dumanlı bir pus tabakası var. Bu pusun içinden. 38 mil ötedeki Pilot Peak’in (Pilot Zirvesi) deniz seviyesinden 750 metre yüksekte bulunan koni biçimli başı yükseliyor. Bu sıkıcı bölgede belli aralıklarla bisiklete binmek mümkün. ancak devamlı olarak binilebilecek kısım yok. Bisiklet binmeye iten esas güdü ise o kadar çok zorunlu yürüyüşten sonraki bıkkınlık hissi. Çöldeki fark edilen bir özellik de kuru ve tuzlu havanın insan üzerinde yarattığı bastırılamaz susuzluk. Salt Lake (Tuz Gölü) çamurunun sıyah titrer sinekleri seni iyice ısırır… Bear River (Ayı Nehri) Weber kanyonuna kadar girmiş… “Yapabileceğin en kolay şey yabancı. nehirden karşıya geçmek ve buradan kurtulmak.”… “Buraya” kelimesiyle Tacoma köyünü kastediyor… Utah’ın yolumun üzerindeki geçit vermeyen çölleri ve güzel meyve bahçelerinin ilginç karışımını görmek için kendi odama çekiliyorum.";40.51298835071,-114.7977497289291;-;;;;;;;;;;;;;;;;
22;Monument Station ;10.05.1884;Bisiklet;Öğleden sonra saat 6’da Monument Station yakınındaki tuz işletmelerine ulaşınca kalacak yer arıyorum. Bir yerde kolaylıkla kabul ediliyorum. Burada göldeki suyu sığ haznelere pompalayan bir yel değirmeni dikilmiş. Haznelerdeki su buharlaşınca tabanında işlenmemiş bir tuz tabakası kalıyor. Bu insanlar alışık olmayan birinin hoşuna gitmeyecek şekilde hafif tuzlu ve yetersiz olan. ancak söylediklerine göre alışkanlıktan dolayı tatlı sudan daha makbul hale gelen bu suyu içiyor. Bu yer bazı böcek yaşam formlarının verimli üremesi açısından hiçbir zaman bulunmadığım kadar sağlıklı ve uygun bir yer ve hayatımın en hareketli gecesini burada geçiriyorum. Buradakiler bana kendime ait bir yatağım olacağını açıkça söylediler. ancak başımı yastığa koyar koymaz bana yaptıkları korkunç şakayı anladım. Yatak dışarı atılmaya ve aşırı kalabalığa karşı çıkan misafirlerle çoktan dolmuştu. Hepsi de şakacı ve oyunbazdı. Kendi sonlarını daha katı önlemlere başvurmak yerine vahşi oyunlar oynayarak getirmeye heveslilerdi. …Böylece sabah bu ilginç deneyimden uyandığımda canlanma haricinde her şeyi hissediyorum.;51.51100115114308,-0.08652838919513492;-;;;;;;;;;;;;;;;;
23;Promontory Dağları'nın Kuzey Burnu;11.05.1884;Bisiklet;Birkaç mil daha gölün kıyılarını takip ederken yolum Promontory Dağları’nın kuzey burnuna yöneliyor. Bu tepelerde Utah’taki en iyi sürüş keyfini sağlayan birkaç millik sert çakıllı karşılaşıyorum. Karanlık. tehlikeli bulutlar toplanmaya başladığından mümkün olduğunca hızlı hareket ediyorum. Fakat sırtın zirvesine ulaşmadan önce tepelerde korkunç bir fırtına başlıyor ve yukarıda değil de yanımda gibi görünen şimşek ve yıldırımlarla gerçekten arkadaş gibi ediniyormuş gibi görünüyorum. Parlak ışıklar ve keskin gök gürültüsüyle irkilip darmadağınık kaçmaya çalışan bir grup yabani at dağdaki patikadan aşağı hızla iniyor ve o karmaşada zemin tehlikesi atlatıyorum. (…) Aniden sola dönüp aşağıdaki düzlüklerde giden inişli çıkışlı yoldaki çılgın kaçışlarına devam ediyorlar. Yağmurun ordu gibi ovaya ve göle yağıyor. Zirveye ulaştığımda göle ve çevredeki bölgeye bakmak için bir fırsat arıyorum. Nitekim de ondan daha şanslı bir fırsat bulunamazdı. Fırtına dinmiş ve aşağılardan muhteşem bir gökkuşağı ovayı kaplıyor. rengarenk güzelliğinin bir ucu gölün gök mavisi sularına dalıyor. (…) Bu dağların hakim zirvesinde durup önünde harika bir tablo gibi uzanan mavi su ve engebeli dağların ihtişamlı panoramasında gözlerine ziyafet çeken yeni gelmiş Mormonun zihnini… bu iç deniz aklına gelecektir.;41.416608064598506,-112.47773618056128;-;;;;;;;;;;;;;;;;
24;Bear Nehri, Corinne ;12.05.1884;Bisiklet;Ertesi sabah Bear nehrindeki Corinne’e ulaştığımda sakallı. yaşlı bir Mormon yanıma gelip geçit töreni yapmamı ve insanların ahlâk düzeyini yükseltmek için kasabanın etrafında bisikletle binmemi istiyor. Babacan bir yalnızlıkla insanların kaderleri ve mutluluklarına yön verdiği belli olan bu adamın Corinne halkı adına yaptığı etkili ve güzel söylemde. “Elbette bisikletin ne olduğunu gördükleri ve bu anı izlemeleri. anlamaları gereken önemli bir devrimdir ve bu onların içeri girerek deneyimlemesi gerekir.” dedi. Bu sabah Corinne sokakları yaşlı adama istemeyerek hayır demek zorunda kalıyorum. Aynı zamanda buralardan geçtiğim bir sonraki seferde eğer sokaklar daha canlı ve iyi durumda olursa. insanların bisikleti hareket ederken görmelerini sağlayarak mutlu olmalarını fikrini destekleyeceğime dair söz veriyorum.;41.6372363133417,-112.12797388263911;-;;;;;;;;;;;;;;;;
25;Weber Nehri;12.05.1884;Bisiklet;Ogden’den doğuya doğru 12 millik bisikletli ve yaya yolculuk sonunda içinden Weber nehri. Güney Pasifik Demiryolu ve bilinmeyen başka bir tren yolunun Wahsatch dağlarından Wyoming sınırlarındaki yüksek platolara doğru yol aldığı Weber kanyonunun girişine ulaşıyorum. Yolculuğun bu kısmında ilgi çeken mesele neler kısa aralıklarla birbirini takip ediyor ve ben de onları incelemek için bolca vakit buluyorum. çünkü Weber kanyonda sel gibi akıyor ve pek çok yerde hattın kenarından geçtiği dar alanı aşıp götürmüş…Weber nehri karşı koyulmaz bir akıntıyla 50 mill boyunda yanında. dik dağların koyu gölgelerini taşımasından sonra dağda doğurup yaptığı gürültülü yürüyüşün karmasından sonunda kaçtığının farkındaymış gibi normal bir hıza kavuştuğu daha aşağıdaki ovaya doğru gidiyor… Bu nokta “Şeytanın Kapısı” gibi uygun bir isimle tanınıyor… Yukarıdaki duvarlardan kopup akıntı yatağına şiddetli bir şekilde düşen kocaman ve sivri uçlu bir grup karmakarışık kaya tarafından engelleniyor… Çılgın sular sürekli artan öfkeyle soğukkanlı bir düşmandan diğerine saldırıyor…;41.22356153935822,-112.12686469483636;-;;;;;;;;;;;;;;;;
26;Castle Rocks;13.05.1884;Bisiklet;14 mil sonra. bu noktada kanyonun sol tarafını oluşturan yüksek kumtaşı kayalarının “Castle Rocks” (Kale Kayaları) olarak adlandırıldığı yere geliyorum. Bu kayalar doğal koşullar tarafından eski zamanlara ait kalelerin irili ufaklı kulelerini anımsatacak biçimde her çeşit akıl almaz şekle öylesine canlı yontulmuştur ki hayali tamamlamak için eksik olan tek şey eski şövalye zamanlarının görkem ve koşullarıdır. Yine de doğanın bu şaheserlerine hayranlıkla bakarken. insan eliyle inşa edilmiş en büyük ve ihtişamlı feodal kaleler veya surların bile bunların yanında çocuk oyuncağı…;43.32823647833695,-115.31452608715917;-;;;;;;;;;;;;;;;;
27;Hilliard;14.05.1884;Bisiklet;…karanlık çöktükten sonra Hilliard’a ulaşıyorum. Hilliard sakinleri biraz “seyrek”. ama iyi insanlar. Vakit geç olmasına rağmen kaldığım evin sahibi bana yemek hazırlamaya başlıyor ve “oğlanlar” gece onlarla uyumam için beni bir davette bulunuyor. Hilliard’da uzun bir ‘V’ şeklinde. 30 mil uzunluğa sahip. içinden telgraf direkleri. demiryolu traversi ve eğitilmiş onların Uintah dağlarındaki ormanlarından güneye açıkça görülebilen demiryolu ve su yüzeyindeki gölgeleri gibi bir kanal var.;40.03339465309473,-83.1582411187723;-;;;;;;;;;;;;;;;;
28;Badlands;14.05.1884;Bisiklet;Carter’dan sonra yolum elementlerin her türlü şekle yonttuğu kil ve kaya karışımından oluşan Bad-Lands’den geçiyor. Bu şekillerin arasında en belirgin olanı. güneyde ismini doğanın usta eliyle kubbe ve kulelere oymasıyla alan ve belli bir mesafeden muhteşem bir katedrali andıran ‘Church Buttes’ (Kilise Tepeleri) görülebiliyor. (…) Tepeye çıkmış. hüzünlü ve kasvetli bir ifadeyle etrafındaki suya bakan sefalet içindeki yarı çıplak yerliler hayal edilebilir.;43.75032821198738,-99.39624845988845;-;;;;;;;;;;;;;;;;
29;Laramie;20.05.1884;Bisiklet;Şimdi ünlü Laramie düzlüklerine geliyorum. … Laramie düzlüklerine doğru süzüldükçe 1000 milden bu yana aralıksız olarak yolumun etrafında beni takip eden sage-brush iyice azalıyor ve her yerde kısa. besleyici çimlerle kaplanıyor... Rocky Creek’ten ayrılırken Laramie ovasında fırtına bulutları toplanıyor ve kısa bir süre içinde de gösteri başlıyor. …Geceyi Lookout’ta geçirip akşam yemeğine Laramie City’ye yetişmek üzere erkenden yola çıkıyorum. Laramie ovaları istedikleri zaman ‘gülümseyip tatlı görünebilir’ …Laramie nehri. sağımda sırasıyla siyah ve beyaz renklerde yükselen Medicine Bow ve Snowy dağları ve antilop sürüleriyle bezenen aralardaki düzlükler Laramie ovaları dışında hiçbir yerde görülemeyen bir resmi tamamlıyor. … Laramie çevresinde bazı güzel. doğal yollar ve dağlardaki gezilerinde ‘Rocky dağlarının sert bisikletçileri’ doğudaki kardeşlerinin bilmediği riskleri ister istemez alıyor. … Laramie ovaları yeşil. dalgalı bir deniz gibi kuzeye ve batıya uzanıyor. Jelm dağının arkasındaki siyah bir kanyondan çıkan Laramie nehri şimdi üzerinde durduğum birbirine bitişik dağ sıralarının arasında kaybolana kadar bir yılan gibi kıvrılarak akarken önümdeki harika resmin batı sınırını oluşturan dağlık siperlerden doğan Küçük Laramie ve sayısız küçük dereden aldığı güçle büyüyor. … Rocky dağlarının mücevheri” adıyla bilinen Laramie City’de duruyor.;41.31136596272268,-105.59109940840005;-;;;;;;;;;;;;;;;;
30;Cheyenne Wyoming ;04.07.1884;Bisiklet;Şimdi yolum Cheyenne geçidinden geçiyor ve buradan da yokuş aşağı Cheyenne’e gidiyorum. Bu gece 20 üyesi bulunan bir bisiklet kulübü bulduğum Cheyenne’e ulaşıyorum. Magic City (Büyülü Şehir) 4 Temmuz sabahı veda ediyorum ve sırtımı dağlara dönüp doğmakta olan güneşe doğru bisikletimle son derece düzgün yollardan ilerliyorum.;41.13474304439694,-104.82119634065486;-;;;;;;;;;;;;;;;;
31;Sidney;06.07.1884;Bisiklet;Sabah güzel bir havada yola çıkıyorum. Sidney’e yaklaşırken yol iyileşiyor ve bu girişimci kasabaya uygun bir hızla giriyorum. Akşam yemeği için Sidney’de kalmaya kara verip günün geri kalanını yakındaki bir kaleyi ziyaretle geçiriyorum.;40.284217620301845,-84.15550137633328;-;;;;;;;;;;;;;;;;
32;South Amana Lowa;13.07.1884;Bisiklet;Burası South Amana. Amana halkının yaşadığı kasabalardan biri.” gibi medeni bir cevap alıyorum. Soruşturunca Amana halkının 15.000 kişiden oluşan komünist bir Alman toplumu olduğunu öğreniyorum… Her şey aynı Almanya’daki kırsal bir bölgede toplanmış ve hiç değiştirilmeden Iowa’ya getirilip koyulmuş gibi… Tiffin’de gecenin sessizliği kuşların yolculuk boyunca ilk kez duyduğum akıcı şarkılarıyla şenleniyor ve… diğer konserlerin tam tersine zihnimde kalıcı bir etki bıraktı.;41.77611943262754,-91.96741302874094;-;;;;;;;;;;;;;;;;
33;Mississippi;13.07.1884;Bisiklet;“9 gün sonra Iowa şehrindeyken Mississippi nehrindeki buharlı bir geminin düdük sesini duyuyorum. Kaba sesi bana duyduğum en tatlı müzik gibi geliyor çünkü kıtadaki yolculuğumun üçte ikisinin tamamlandığını haber veriyor. Davenport ile Rock Island arasındaki devlet köprüsünün üzerinden ‘Suların Babasını’ (Mississippi nehri) geride bırakıp Illionis’e giriyorum. …Mississippi nehri vadisindeki kumlu kayalardan geçiyor. ancak Rock nehrine yaklaştıkça kum kayboluyor ve belli bir mesafe boyunca bu güzel akıntının yanında dizilen meşe ormanlarının arasında muhteşem bir yol açılıyor.;33.5000018748705,-89.65004261399137;-;;;;;;;;;;;;;;;;
34;Rock Nehri;-;Feribot;Mississippi nehri vadisindeki kumlu kayalardan geçiyor. ancak Rock nehrine yaklaştıkça kum kayboluyor ve belli bir mesafe boyunca bu güzel akıntının yanında dizilen meşe ormanlarının arasında muhteşem bir yol açılıyor… Nehrin gümüş rengindeki pırıltısı boşluklardan parlıyor. kilise çanlarının tatlı sesleri nehirden gelen havayla birlikte süzülüyor ve her şeye barış ve mutluluk getiriyor.;41.93517265574463,-89.45035881696833;-;;;;;;;;;;;;;;;;
35;Illinois, Yorkville;-;Bisiklet;Mississippi nehrini geride bırakıp Illionis’e giriyorum. Birkaç mil boyunca yolum Mississippi nehri vadisindeki kumlu kayalardan geçiyor. ancak Rock nehrine yaklaştıkça kum kayboluyor ve belli bir mesafe boyunca bu güzel akıntının yanında dizilen meşe ormanlarının arasında muhteşem bir yol açılıyor… Karşıdaki feribotçunun kulübesine bağırıyorum ama herhangi bir yanıt alamıyorum… feribotçu sakin bir şekilde yanımıza gelip bizi botla nehrin karşısına geçiriyor. Vasat yollardan bisikletimle ilerlerken dönümü 100 $ olan tarlaların bulunduğu Genesee’den geçip Atkinson’da geceleyip… içimde her şeyin bolca bulunduğu bir bölgeden devam ediyorum… Gece için Lamoille’e doğru pedal çevirirken kasabanın girişken berberi beni çabucak rahat dükkanına alıyor ve tıraş edip şampuanlıyor…Yorkville’den geçerken tanıdık bir sesle karşılaşıyorum. Beni gören iki yerli adamla birlikte bağırınca bizi duyan feribotçu gelip karşıya geçiriyor… Yorkville’de Camp Ground denen bir alanda kamp kuruyorum. Montana’daki Crow yerlileri için arızi bir arazide öğrendiğim selamlaşmayı burada da deniyorum. “Heeeey!” şeklinde iki yıl kadar önce öğrendiğim bu selam… işe yarıyor. çünkü Camp Ground’da beni gören iki adam göz göze gelince kollarını çırparak “çak!” yapıyor ve yere oturup dostça sohbet ediyoruz.;41.639094165163264,-88.44734281660476;-;;;;;;;;;;;;;;;;
36;Ohio Sınırı;17.07.1884;Bisiklet;Ohio’ya girdiğimde halkın tavırları hemen dikkatimi çekiyor. “Ohio’da insanlar tarafımı dikkatle inceliyor. ama saygılı bir şekilde…” Bisikletimi gören her yaştan insan şaşkınlıkla karışık bir hayranlık duyuyor… Bir yerli bana dönerek. “Ohio halkı soğukkanlı ve pratik insanlardır.” diyor. Bu kısa cümle. insanların genel yapısını bir çırpıda özetliyor. Yol kenarına dizilmiş çocuklar neşeyle bana el sallıyor… yaşlı bir adam ise bisikletimin dişli sistemini merakla inceliyor. Kasabalarda karşılaştığım manzara oldukça düzenli: “Kasabalarda düzenli sokaklar. temiz evler ve konuksever insanlar dikkat çekiyor…” Ohio’daki yolculuğum gösterişli manzaralarla dolu değil belki ama… “Ohio’daki yolculuğum sakin ama etkileyici bir biçimde devam ediyor.” Her şey sade. ama bu sadelik içinde bir huzur ve denge hâkim. Bisikletimle ilerlerken Ohio’nun bu ölçülü ve samimi doğası beni derinden etkiliyor…;40.30000088954742,-82.79998164062548;-;;;;;;;;;;;;;;;;
37;Maumee Nehri;17.07.1884;Bisiklet;Girard’ın doğusunda yollar muhteşem. doğa ise zevk verici. Kırmızı tuğladan yapılan okul binaları bile yemeği yeşil koruların arasına yapılmış… Erie’ye kadar olan yol bu şekilde sürekli daha değişken. daha güzel olarak devam ediyor…;41.29698346424443,-84.30938496933197;-;;;;;;;;;;;;;;;;
38;Pennsylvania;24.07.1884;Bisiklet;Girard’ın doğusunda yollar muhteşem. doğa ise zevk verici. Kırmızı tuğladan yapılan okul binaları bile yemeği yeşil koruların arasına yapılmış… Erie’ye kadar olan yol bu şekilde sürekli daha değişken. daha güzel olarak devam ediyor…;40.85000624963021,-77.69999728817855;-;;;;;;;;;;;;;;;;
39;Buffalo,New York;25.07.1184;Bisiklet;"Pennsylvania’ya girdikten 24 saat sonra New York’a geçiyorum. Yollar güzel bir şekilde devam ediyor… Westfield’a ulaşıyorum. Sayısız yerel hayatın. dağlar ve ormanlarla kaplı bu su tabakasının dünyada seyahat edilebilen en yüksek göl olduğuna inanılır…”
“Angola’da geceledikten sonra ertesi sabah Buffalo’ya devam ediyorum… Buffalo bisiklet kulübünün güler yüzlü bir üyesinin misafirperver davetiyle geriye döndüm…";42.88690222499696,-78.87889869956786;-;;;;;;;;;;;;;;;;
40;Niagara Şelaleleri ;25.07.1884;Tren;Küçük çaplı birkaç onarım yapmak için gönüllü olan Isham’a bisikletimi bırakıp trenle Niagara şelalelerine hızlı bir gezi yapıyorum…;43.09621002200887,-79.03774364168582;-;;;;;;;;;;;;;;;;
41;Buffalo, New York;25.07.1884;Tren;Ertesi sabah Buffalo’dan ayrılıp çok şirin bir kulüp odası bulunan Batavia’dan geçiyorum… Buffalo bisiklet kulübünü düdükleriyle Washington’daki polislerin düdüğüyle aynı melodide çalışıyor gibi tanıtıyorlar… Kulüp binasının balkonunda otururken bisikletleriyle kulübe özgü düdükleri çalarak gelen üyeler bizi çeviriyor…;42.88689636671706,-78.87889399926482;-;;;;;;;;;;;;;;;;
42;Genesee Vadisi;26.07.1884;Bisiklet;"Genesee vadisi boyunca bulduğum güzel yollarla ilerliyorum… Geneva’ya giden en düzgün yolu sorduklarında düşkünler evinin yanından geçen dar bir yolu tavsiye ediyorlar…
Ertesi sabah 9’da Geneva’ya ulaşıyorum… Seneca nehrinin güney kenarında kurulmuş olan güzel renkli çok güzel gölünün kenarında duruyorum…";43.116721409682945,-77.64533103660703;-;;;;;;;;;;;;;;;;
43;Geneva ;26.07.1884;Bisiklet;Genesee vadisi boyunca bulduğum güzel yollardan ilerliyorum… Geneva’ya giden en düzgün yolu sorduklarında düşkünler evinin yanından geçen dar bir yolu tavsiye ediyorlar. Yol o kadar karışık ve ben de insanlarla durdurup düşkünler evini sormaya çekinecek kadar hassas durumdayken yönümü kaybediyorum… Karanlıkta doğuya doğru yavaş yavaş bir şekilde devam ederken… Geneva’ya ertesi sabah 9’da ulaşıyorum. Seneca’nın güney kenarında kurulmuş olan. renkli çok güzel gölünün kenarında duruyorum ve iç geçiriyorum.;42.86798341012089,-76.98556595618702;-;;;;;;;;;;;;;;;;
44;Mohawk Vadisi;27.07.1884;Bisiklet;"Mohawk vadisine giriyorum… Büyük bir iştahla. ‘burası tam bir cennet bahçesi ve başta Avrupa olmak üzere dünyanın her yerini dolaşan gezginler. dünyada Mohawk vadisinin muhteşem güzelliğiyle baş edebilecek başka bir yer olmadığını söylüyor…’ Vadinin Küçük Şelale’de. tepelerin arasında daralıp geçide dönüştüğü yer doğal ticaret yollarındandır… ‘Mohawk’ın aktığı vadi ne güzel. Denize akan temiz. pırıl pırıl yolda…’
 Erie kanalı ile Mohawk nehrinin bulunduğu bu dar geçitteki alt demiryolu hattının karşısına taş bile atılabilir… Yüksek yol yatağından aşağı özlem dolu bir bakışla güneye doğru cennetimsi bir rüya gibi uzanan Hudson vadisine bakıp…";42.956782834912374,-74.6273891026275;-;;;;;;;;;;;;;;;;
45;Albany;28.07.1884;Bisiklet;Albany’deki muhteşem Capitol binasından bir saat baktıktan sonra. Hudson’a geçip doğuya doğru yolu güzel bulduğum Boston&Albany demiryolunun iki hattı arasında ilerliyorum… Yüksek yol yatağından aşağı özlem dolu bir bakışla güneye doğru cennetimsi bir rüya gibi uzanan Hudson vadisine bakıp aynı anda iki yolda birden yürüyememenin imkânsızlığıyla iç geçiriyorum. Albany’de. ‘Boston&Albany demiryolunda bisiklet binmenin 50$ cezası olduğunu.’ öğreniyorum. ancak bir ustayı sorduğum Schodack’a kadar riske giriyorum…;42.65181261247085,-73.75447011392752;-;;;;;;;;;;;;;;;;
46;Boston;28.07.1884;Bisiklet;Önce Springfield. oradan Palmer. sonra da Worcester’sa kadar olan mesafeyi değişik ara yollar yerine demir yolu hatlarının arasındaki güzel yollardan geçiyorum… Ertesi sabah Boston’a 40 mil kala. şimdilerde bugünün popüler ulaşım aracı olan lastiklerle geçilen. eski kolonileşme günlerinde ise yolsuz bir arazi olan. haritalarda boşluk olarak görünen Büyük Batı’nın yıpranmış. kutsal kilometre taşlarından geçiyorum…4 Ağustos günü öğleden sonra saat 2’de Boston’a girip Atlantik’in güçlü dalgalarına. 3700 mil pedal çevirdikten sonra 103 buçuk gün önce Pasifik’in üzgün dalgalarından beni ayırırken ne söylediğimi fısıldıyorum…;42.35550758681023,-71.05653935316651;-;;;;;;;;;;;;;;;;
47;Chicago;09.04.1885;Bisiklet;1884–85 kışını New York’ta geçirip Outing Magazine ile tanışıyorum ve Amerika’daki gezimle ilgili taslak çizimlere yardım ediyorum. 1885 ilkbaharında dünya turuna kaldığım yerden devam ediyorum. 9 Nisan’da Chicago’dan gemiyle Liverpool’a gitmek üzere New York’tan ayrılıyorum.;41.88325113035907,-87.63239769641356;-;;;;;;;;;;;;;;;;
48;Liverpool;19.04.1885;Gemi;"9 Nisan’da Chicago’dan gemiyle Liverpool’a gitmek üzere New York’tan ayrılıyorum…
Kuzeybatı Demiryolu Şirketi (Liverpool’daki Northwestern Railway Company) yeni bisikletimi yeraltı depolarına koyuyor… Aynı gün içinde A. Wilson’dan (Faed) Londra’daki Powerscroft House’a çıkmam için bir mektup alıyoruz… Pazartesi günü öğleden sonra Londra’nın öne çıkan bisiklet gazetelerinin ilk sayfalarını hep birlikte işgal ediyoruz…
30 Nisan’da bisikletle İngiltere turunun resmen başlayacağı yer olan Liverpool’a geri dönüyorum… Açıklanan tarih 2 Mayıs günü öğleden sonra saat 4 ve başlangıç noktası da Anfield bisiklet kulübünden bay Lawrence. bay Fletcher ve diğer bazı bisikletçilerin toplanıp şehrin dışına kadar eşlik etmek istediği Edge Hill kilisesi… Liverpool’daki günlük gazetelerin birkaç tanesi olaydan bahsetmişti… Bisikletime binerken şapkalar havada uçuşuyor ve 500 kadar İngiliz’in alkışları yükseliyor. Birkaç polisin yardımıyla Liverpool’lu 25 bisikletli kalabalığın arasından sıyrılıyoruz ve bisikletlerimize binip Edge Line’dan başlayıp Liverpool’un dışına doğru neşeyle hareket ediyoruz…";53.40836982904015,-2.9915706920935907;-;;;;;;;;;;;;;;;;
49;Edge hill;02.05.1885;Bisiklet;"2 Mayıs günü öğleden sonra saat 4 ve başlangıç noktası da Anfield bisiklet kulübünden bay Lawrence. bay Fletcher ve diğer bazı bisikletçilerin toplanıp şehrin dışına kadar eşlik etmek istediği Edge Hill kilisesi… …Bu yüzden belirtilen zamanda doğru yere ulaştığımda bisikletle Amerika’yı geçen ve bunun ötesinde dünyayı dolaşma iddiasında bulunan birinin nasıl göründüğünü merak eden birkaç yüz kişinin toplandığını görüyorum…
Bisikletime binerken şapkalar havada uçuşuyor ve 500 kadar İngiliz’in alkışları yükseliyor…
…Edge Line’dan başlayıp Liverpool’un dışına doğru neşeyle hareket ediyoruz.";53.4068343769749,-2.952961960827603;-;;;;;;;;;;;;;;;;
50;Birmingham;04.05.1885;Bisiklet;"Pazartesi sabahı Birmingham’a doğru ilerlerken. nem kısa ve güvenilmez aralıklarla acımasızca çöküyor… Warwickshire’dan geçip saat 3 civarında Birmingham’a ulaşıyorum…
 …Bisikletimi üç tekerlekli bisikletçilerle birlikte Stonehouse’a kadar sürecek olan bay Priest ile birlikte Coventry’ye doğru yola çıkarıyorum.";52.48227326129607,-1.8900075168943669;-;;;;;;;;;;;;;;;;
51;Coventry;04.05.1885;Bisiklet;"Coventry’ye ulaştığım zaman ‘bisikletle gezi edebiyatı’ okuyucuları tarafından her yerde tanınan ve sevilen bir kişi olan ‘Brother Sturmey’e’ uğruyorum… Coventry’de bir göz atmak için kılavuzumla birlikte dışarı çıkıyorum ve diğer pek çok yerin arasında Starley Memorial’ı (Starley Anıtı) ziyaret ediyorum… Bay Starley aslında bisiklet endüstrisinin doğuşunun ve sonuçta şehrin şu anki refah düzeyinin altında imzası vardır… Yolumun üstündeki İngiliz çocuklarının aklı. beyaz asker kaskımı takıp kaldığım yere doğru döşediğim beyaz bir o kadar da ilginç şakayla karışık yollara düşüyor… Coventry’deki Starley Memorial’ı ima eden bazı muhafazakârlar… bisiklet birliklerinin nikel kaplı ataları geleceğini söylüyor…
Beni General Wolseley olarak adlandırıyor… Beni General Gordon olarak adlandırmak isteyen bir beyaz kasklı. beni İngiltere’deki kimliğini kanıtlamak için başına beyaz bir kask giyip bisiklet üzerinde dolaşmasını kanıtlamaya çalışıyor…";52.4128168233198,-1.5089487347485118;-;;;;;;;;;;;;;;;;
52;Dunchurch Köyü;05.05.1885;Bisiklet;Dunchurch köyü… Köydeki en belirgin yapı. yüzyıllara meydan okuyan alçak. basık bir kilise kulesi. Bu keleden bakıldığında. resme konu olacak güzellikte ilkel mimariyle inşa edilmiş. saman çatılı. tepesine kadar sarmaşık kaplı küçük evler görülüyor. Resmi tamamlamak için. eski güzel zamanların kaba basitliğinde. şanssız sarhoşların ayaklarının kabaca içine koyulduğu eski ağaç kütükleri halen duruyor… Aslında köydeki tek ilkel olmayan. yeni dikilmiş gibi görünen bina küçük bir Methodist kilisesi… Pencere önleri ve soba biçimi. Amerika’ya özgü bir görünüm taşıyor…;52.3372975782653,-1.289397915269055;-;;;;;;;;;;;;;;;;
53;Berkhamstead;06.05.1885;Bisiklet;Geceyi Hertfordshire’daki Berkhamstead’de geçirdikten sonra Perşembe sabahı Londra’ya doğru yola çıkıyorum. Watford yakınlarında Kuzey Londra Üç Tekerlekli bisiklet kulübü başkanı Faed’le karşılaşma mutluluğunu yaşıyorum. Beni karşılamak için gelen beraberindeki kulüp üyelerinin eşliğinde anankete kadar birlikte gidiyoruz. Faed’in önerisiyle Barnes Common’da geleneksel olarak düzenlenen üç tekerlekli bisikletliler buluşmasına katılmak üzere Cumartesiye kadar Londra’da kalmaya karar veriyorum. Hep birlikte Edgeware yolu. Park yolunu kullanıp Piccadilly’den gelen seçkin katılımcıların arasından Knightsbridge ve Brompton’u geçip pek çok ülkenin mucit dehalarının kanıtı olan 1001 çeşit eşyanın sergilendiği “İcatlar Sergisi”nde keyifli bir öğleden sonra geçiriyoruz.;51.759765058380374,-0.567851331491755;-;;;;;;;;;;;;;;;;
54;Brighton;10.05.1885;Bisiklet;Brighton’a doğru gidiyoruz. Muhteşem Sussex yolları. hafif rüzgarlı hava ve hoş manzara dün akşam çektiğimiz sıkıntıları fazlasıyla telafi ediyor. Brighton’dan 14 mil sonra bu kadar kuzeye bize eşlik etmek için gelen Kempton bisiklet kulübünün 8 üyesi tarafından karşılanıyoruz… Brighton bisiklet kulübünün başkanı ve aynı zamanda şehrin belediye başkanının da kardeşi olan Bay C’ye gidiyoruz… Saat öğleden sonra 2’ye geliyor. Bu adam hemen dostluğumuzu kazanmaya çalışıyor ve bize bisikletçilerin yediği düzenli yemekten ikram edip hayvanat bahçesindeki Pazar günleri görülebilen aslanları ziyaret etmemizi sağlıyor. Ayrıca bizim eğlenmemiz için akvaryumdaki vahşi kuşlar ve denizaslanlarının da normal vaktinden önce doyurulmasını istiyor… Akvaryumda güneşin batışına kadar oyalandıktan sonra Bay C bisiklet elbiselerini giyip bizi biraz bozuk olsa da daha kısa bir yolla. asıl menzile en düzgün yoldan gidildiğinde 15 mil uzaklıkta bulunan Newhaven’a mümkün olan en kısa sürede ulaştırmak istediğini söylüyor.;50.8229411601714,-0.1362746422779836;-;;;;;;;;;;;;;;;;
55;Newhaven;10.05.1885;Gemi;10 Mayıs Pazar akşamı “Güzel İngiltere”deki yolculuğum da sona yaklaşıyor… Newhaven’a kadar olan düzgün yolda gidildiğinde 15 mil uzaklıktaki limana en kısa sürede ulaştırmak istediğini söylüyor… Gemi saat 11.30’da… ertesi sabah kendimi yabancı bir kıyıda bulduğum Dieppe’ye kadar…;50.79307025980762,0.04557539507022668;-;;;;;;;;;;;;;;;;
56;Dieppe;11.05.1885;Bisiklet;Dieppe’de sabahın serinliğinde… yolların sertliği ve düzgünlüğüyle ilgili ilk izlenimim olumlu… Normandiya’da bisikletle yol almak. İngiltere’ye oranla daha sessiz ve huzurlu bir deneyim… İngiltere’deki yolların düzgünlüğü. yollardaki tecrübesi hiç değilse değişik en az bir bisikletli tarafından takdir ediliyor… Dieppe kasabasındaki ilk sabahımda… şarap mahzenleri ve liman çevresindeki taş binalar dikkatimi çekiyor… Bisiklet sürmek burada keyifli… Arques vadisinde bisikletle ilerlerken yolun durumu harika… “Bu yolların hiçbir yerinde tek bir taş. tekerlek izi veya çöküntü alanı yok.”… Manzara gerçekten hoş…;49.927510740770295,1.0878829235714484;-;;;;;;;;;;;;;;;;
57;Arques Şatosu;11.05.1885;Bisiklet;Sabah güneş ışığıyla birlikte muhteşem bir görüntüye kavuşuyoruz ve biz güzel Arques Vadisi’nde hızla ilerlerken ötücü kuşların şarkıları duyuluyor. Yollar bisiklet sürmek için tek kelimeyle mükemmel… Arques Şatosu’nun portrelik kalıntılarına ulaştıktan sonra durup Normandiya sarmaşığının kalenin geçmişte kalan ihtişamını… süslediğini seyrediyoruz. Vadideki manzara gerçekten hoş… Normandiya’daki yollar çok daha güzel ve Arques Vadisi’ndeki manzara gerçekten hoş. Bu yolların hiçbir yerinde tek bir taş. tekerlek izi veya çöküntü alanı yok. Yüzeylerinin düzgünlüğü yüzünden bilardo masasına benzetilse abartı sayılmaz…;49.87679371962599,1.127097504441539;-;;;;;;;;;;;;;;;;
58;Rouen;11.05.1885;Bisiklet;Saat 4’te Rouen’e ulaşınca. bay Parkinson bana ünlü Rouen Katedrali’ni. Adalet Sarayı’nı ve ben ziyaret etmek isteyince Ortaçağ dönemlerinden kalma diğer eski örnekleri gösteriyor. Kalıp tarihi Seine Nehri’nin mırıldanan suları eşliğinde onunla akşam yemeği yedikten sonra bon voyage (iyi yolculuklar) dileyip yüzünü güneye çeviriyor ve beni sonunda yabancıların arasında bir yabancı olarak bırakıyor…;49.44352605856244,1.098414307028164;-;;;;;;;;;;;;;;;;
59;Mantes Kasaba;13.05.1885;Bisiklet;Akşamın ilk saatlerinde önemli bir kasaba olan Mantes’e ulaşıyorum ve gece için iyi bir han buluyorum. Bu sabah Seine nehri kıyısında Mantes’in ana caddesinde sırayla pazarcı kadınlar… sütü içeren değişik uzunluktaki hafif. kar tanesi gibi görünen iplerle dizilmiş kekleri işaret edip Satıcı kadının gülümseyen ve başını epey canlı bir şekilde olumlu yönde sallıyor… Mantes’ten çıkarken yanlış yola girince kendimi Seine nehrinin kenarındaki kayıkçıların yanında buluyorum…;48.97798691317077,1.7136110440331012;-;;;;;;;;;;;;;;;;
60;Porte Maillot ;13.05.1885;Bisiklet;13 Mayıs Çarşamba günü saat 12 civarında Porte Maillot üzerinden başkente giriyorum. Şose yolun yerini şimdi asfalt yüzey alıyor. ama şehrin sınırlarından biraz içeride ‘Renard Ferres’in bisiklet deposunu’ fark ediyorum…;48.8786716480901,2.2835819223894145;-;;;;;;;;;;;;;;;;
61;Vincennes;15.05.1885;Bisiklet;Kahvaltıdan önce Porte Daumesnil’den şehri terk edip Vincennes ve Joinville’e doğru, birkaç mil ötedeki Porte’nin sessizliğiyle uyum içinde pedal çevirerek açık arazide ilerliyorum. Paris’ten sonraki 30 mil boyunca yollar Normandiya yollarından çok farklı, ancak aynı mesafedeki kırlar birbirine çok benziyor. Geçilen her milde, her fırsatta doğanın kendi inşa ettiği zümrüt yeşili duvarlar gibi her yönden araziyi saran kavak ve çınar ağaçlarıyla her iki tarafı kaplı olan yol, normallerde sıradan bir yer olan bu bölgeyi süsleyip güzelleştiriyor. Köyler Normandiya’daki köylerden çok az farklı, ancak yapılarında çoğunlukla artistik bahane ile yapılan süslemeler bulunmayan kiliseler oradaki mimari güzellikten yoksun. Keşiş görünümlü papazlar bu köylerin tipik bir özelliği.;48.847761384057776,2.4395041011169343;-;;;;;;;;;;;;;;;;
62;Vitry le Francois;18.05.1885;Bisiklet;Dolayısıyla Sezanne’den Champenoise’ye ve oradan da Vitry le Francois’ya kadar olan yaklaşık 65 kilometrelik mesafe hayal edilebilecek en güzel yollardan birini oluşturuyor. Bu bölgenin dış görünüşü Batı Iowa’nın geniş ovalarına benziyor ve yolların büyük kısmı da asfalt caddeler kadar mükemmel. Tepeler biraz yokuşlu ve iyi yollar sayesinde çoğunlukla bisiklet sürmeye elverişli. Vitry le François, güzel Marne vadisindeki eski, büyüleyici bir kasabadır. Ortaçağlarda çok güçlü bir şehir olan bu şirin yerdeki hendekler ve surlar hâlâ mükemmel durumda. Kasabaya tek giriş yolu bugün bile eskiden kalma, el sürülmemiş kaldırıma köprüler, kocaman kapılar, demir çark ve zincirlerle yapılıyor. Böylece geçmişte olduğu gibi kapılar kaldırıldığı zaman düşmanların girişi engellenebiliyor. Fakat hendekler Marne ile Rhine kanalı arasında açılan tekneler için birleştiriliyor, bu yüzden eski kaldırıma köprüler şimdilerde sürekli açık tutuluyor. Vitry le François’in doğusunda yollar kötüleşiyor…;48.72608851593286,4.585756530099496;-;;;;;;;;;;;;;;;;
63;Bar-le-Duc;19.05.1885;Bisiklet;Ornain nehri vadisinde kurulmuş oldukça önemli bir iş merkezi gibi görünüyor. Dar, verimli vadisindeki dere, yamaçlarından her sonbaharda Meuse ve Moselle bölgelerinin ünlü şaraplarının elde edildiği tepelerin arasında kıvrılarak akıp gider. Vadi gece boyunca bardaktan boşanırcasına yağan muazzam yağmur ve doluyla bereketlenmiş. Vadi tabanı boyunca doğuya doğru uzanan açık renkte, sağlam olmayan killi yolda bu sabah bisiklet binmek imkânsız. Üstelik Ornain vadisi yolu bu kadar da korunmamış. Fransa’daki Bar-le-Duc’ta daha askeri birlikler belirgin biçimde sürülüyor. Vadiden aşağı inen yolda Toul’dan Bar-le-Duc ya da daha batıdaki başka bir noktaya giden bir top bataryasıyla karşılaşıyorum. Eğer Fransız top bataryasını şaşırtmakla şeref kazanılıyorsa, ben ve bisikletim onu hak ediyoruz.;48.77482524386691,5.159936983198659;-;;;;;;;;;;;;;;;;
64;Tronville ;19.05.1885;Bisiklet;Kaygan killi yolda 11 kilometrelik düşe kalka yapılan yolculuk beni yiyecek bulma imkânını araştırmak için durduğum küçük bir köy olan Tronville’e getiriyor. Her zaman olduğu gibi, imkânın son derece umutsuz olduğunu daha sokaktan anlıyorum. Görünürdeki tek yiyecek olarak küçük kuru üzümlerle dolu kutuyu öneren kadın, şekerleme ve kuru üzüm dışında tek önerebildiği bir kutu, gofrete benzeyen kahvaltılık bisküvi. Bütün öğleden sonra devam ettiği hâlde hiç istemesem de beni Tronvil’de mümkünse yarın sabaha kadar kalacak bir yer aramaya zorluyor. Köy taş ev ve ahırların bulunduğu şekilsiz bir kümeden meydana geliyor. Sokakların en belirgin özelliği gübre ve budanmış asma yığınlarının bulunması, ancak ben gerekli sığınağı ve bunun gibi yıldan yıla geçen nadir yabancıların kullandığı diğer kalacak yerleri bulmayı başaramıyorum.;49.08463283698227,5.918975848246855;-;;;;;;;;;;;;;;;;
65;Nancy;20.05.1885;Bisiklet;Nancy Fransa’daki en sevimli şehirlerden biri olmasıyla tanınır;48.69205073911833,6.18442522400917;-;;;;;;;;;;;;;;;;
66;Luneville;20.05.1885;Bisiklet;Luneville kasabasından geçiyorum buradaki askeri gösteriş gerçekten nefes kesici. Tarlalardaki korkuluklar bile ellerindeki tahta kılıçları meydan okur gibi sallayan askeri görüntülerden oluşuyor ve yol boyunca en sık duyulan ses ormanda atış talimi yapan askeri birliklerin kullandığı mermilerin “bang, bang” sesleri.;48.5922357739457,6.492342420451656;-;;;;;;;;;;;;;;;;
67;Saarburg;22.05.1885;Bisiklet;Saarburg’da sadece 30 dakikadır dolaşıyorum ve şimdiden iki sefer kendi dilimi konuşan insanlarla karşılaştım. … Saarburg’un kenar mahallelerinde atlılarla dar yolu kapatan küstah bir yük arabacısı, önündeki atlarını geçmeme izin verecek şekilde çekmeye karşı çıkıyor ve bu yüzden bisikletimden inmek zorunda kalıyorum.;49.60513312272247,6.561947793194073;-;;;;;;;;;;;;;;;;
68;Saverne;23.05.1885;Bisiklet;Rhine vadisinin doğu sınırlarını oluşturan önümdeki sık ormanlı yükseltilerin ardındaki küçük vadiye güzellikle yerleşen bir şehir olan Saverne’ye doğru inişli çıkışlı tepelerin arasında sabahleyin ilerlerken yağmur yağıyor. Yol güzel ama engebeli ve Saverne’ye ulaşmadan önceki birkaç kilometre boyunca çam ormanları arasında ve yüksek araziden aşağı doğru dik bir şekilde inerken yılan gibi dolanıyor. … Sağda solda beliren köyleriyle vadi muhteşem güzellikte bir resim gibi yayılıyor.;48.74196178166568,7.361646490310929;-;;;;;;;;;;;;;;;;
69;Marlenheim;24.05.1885;Bisiklet;Marlenheim köyüne girince gördüğüm ilk leylek yuvasının … tam bir ciddiyetle tünemiş. Marlenheim’dan az sonra, Strasburg katedralinin geniş vadide çevredeki her şeyin üzerinden belirgin bir şekilde yükselen ünlü kulesini uzaktan görüyorum.;48.62156995970156,7.492326082888859;-;;;;;;;;;;;;;;;;
70;Oberkirch;26.05.1884;Bisiklet;Bisikletimle iyi yollarda Oberkirch köyüne gelip gece için kalmaya karar veriyorum. İlk yapılacak iş de bisikleti, üstünü kaplayan çamurdan kurtarmak. Sakar görünümlü yardımcı birkaç kez yanıma gelip hareketlerimi onaylamaz bir tavırla bana bakıyor. Hiç şüphesiz bisikleti sırf ona bahşiş vermemek için kendim yıkadığımı düşünüyor. Ev sahibi birkaç kelime İngilizce konuşabiliyor. Kel başını yukarıdaki pencereden çıkarıp, ‘bay Stevens mısınız?’ diye soruyor. ‘Yah, yah,’ cevabını veriyorum.”  Oberkirch, yolunun daha yukarıda, Kara Orman’ın (Black Forest) köknar kaplı yüksek kesimlerine doğru yöneldiği, Bench nehri vadisinin dar ve etkileyici girişindeki sevimli bir kasaba. Vadiden birkaç mil yukarı çıkınca gördüğüm en sevimli çevrenin ortasına kurulmuş küçük bir köyden geçiyorum. Açık renkteki bitkilerle karışmış sık, sert bakışlı köknarlar Knibis dağlarının çevreleyen tepeleri taçlandırır. Bağlar, küçük çavdar tarlaları ve yeşil çayırlar tabanındaki çiçek açan meyve bahçelerinin arasına dağılmış şirin kulübelerin sıkıştığı alçak yamaçları renk renk güzelliklerle kaplar. Dağdaki çobanların kavalları, kuşların ötüşleri ve hızlı akan derelerin keyifli müzikleri sabah havasını ezgilerle dolduruyor.;48.53356276639223,8.07678047099494;-;;;;;;;;;;;;;;;;
71;Fruedenstadt;27.05.1885;Bisiklet;Öğle vakti Freudenstadt’a ulaştığımda dağa tırmanma, zindelik katan hava ve çam kokusu oteldeki insanlara bisiklet binmenin iştah üzerindeki etkisine dair etkileyici bir ders vermemi sağlıyor.;48.464476803113975,8.417997007833572;-;;;;;;;;;;;;;;;;
72;Rothenburg;30.05.1885;Bisiklet;Saat 6’da ‘kurt gibi acıkmış bir halde’ eski, sakin bir kasaba olan Rothenburg’a ulaşıyorum ve kendimi otele atıp yemek ısmarlıyorum. … Rothenburg’lu ‘duman karışımı büyük birini’ geçiriyor. … Aradan 10 dakika sonra küçük bir dilim alabiliyorum. … Rothenburg’lu ‘duman karışımı büyük birini’ geçiriyor.;49.38018609205686,10.186732881097615;-;;;;;;;;;;;;;;;;
73;Blaubeuren;31.05.1885;Bisiklet;"Pazar sabahı Tuna nehrinin kollarından birinin aktığı çok güzel bir vadide bisikletimle ilerlerken Blaubeuren’den gelen çan sesleriyle uyum içinde pedal çeviriyorum.”
“Blaubeuren’in doğusunda yolum Tuna nehrinin kaynağından gelen dalga dalga suların yanındaki dar, kıvrımlı bir vadiyi takip ediyor.";48.40730514915707,9.783552459146325;-;;;;;;;;;;;;;;;;
74;Ulm;31.05.1885;Bisiklet;"18 kilometrelik değişken yol beni sıkı korunan ve fırtına olmasa dün ulaşmış olacağım Ulm şehrine getiriyor.”
“Şimdi dünyevi ihtiyaçların büyük bira ve sosis tüketiminin gerçekleştirildiği bölgeden geçiyorum. Meyve bahçeleri manzaranın belirgin bir parçası ve neredeyse her pencerede uzun sosis zincirleri sallanıyor. Whitsuntide festivallerinin kutlamalarında muhtemelen çok daha fazla olsa da bugün tüketildiğini gördüğüm yiyecek miktarı gerçekten şaşırtıcı.";48.401084891052605,9.987607205409901;-;;;;;;;;;;;;;;;;
75;Augsburg;01.06.1885;Bisiklet;"Akşama doğru Augsburg civarına yaklaşıp neşe içinde Augsburg’lu kalabalıkların toplandığı, köpüklü biralardan içtiği, sosis yediği ve askeri bandolardan ilham aldığı meyhanelerin arasından geçerken Lech vadisindeki müzik sesleri duyuluyor. Yüzlerce asker, Augsburg’lu sivil ve çevreden gelen köylünün arasına oturup onlarla birlikte büyük bir bardak dolu Augsburg birasının tadını çıkarırken… Beni Hotel Mohrenkopf’a götürüyor ve Augsburg’da kalmak istediğim süre boyunca kendimi kulübün bir misafiri gibi düşünmemi istiyorlar.
Şehirden dışarı giden her 10 Augsburg’ludan birinin elinde akordeon var.";48.37054633879901,10.897785299590613;-;;;;;;;;;;;;;;;;
76;Swabian;-;Bisiklet;"Şu anda Swabian bölgesindeyim ve bayram elbiselerinin belirgin bir kısmını oluşturan bu düğmeler gümüş paralardan yapılmış ve aslında aile mirası olduğu için de yüzyıllar boyunca nesilden nesle aktarılmış. Swabish köylü kadınlarının giysileri son derece portrelik; çok güzel giysileri ve pirinç, gümüş veya altından yapılmış muhteşem başlıkları (Swabish köylü kadının şapkası) da erkeklerin düğmeleri gibi efsanevi. Şimdi yolum sık köknar ormanları arasından geçiyor ve burada 50 kadar köylünün bulunduğu bir grubun yanından geçiyorum. Yolda yürürken erkekler ve kadınlar garip bir uyum içinde sırayla ilahiler söylüyor.";48.30060264388934,9.35463146544286;-;;;;;;;;;;;;;;;;
77;Dachau;-;Bisiklet;Öğleye doğru antik bir kasaba olan Dachau’ya ulaşıp otele yerleştikten sonra genel görüntüsü uyumlu birine benzeyen ve geçen haftanın gazetesinden yapılmış kağıt yaka takan bir adam gelip çok iyi bir İngilizceyle konuşuyor.;48.26315584177276,11.434149909981905;-;;;;;;;;;;;;;;;;
78;Münih ;-;Bisiklet;"Öğle vaktinden bir saat sonra Isar nehri vadisinden Münih’e doğru giden düz yoldaki gevşek taşların arasında çalışkan bir şekilde ilerliyorum. Münih’in gümrük binası, daha az tarihi bir eser bulunan ancak son derece ilginç ve önemli bir kalıntı olarak dikkatle korunduğuna emin olduğum eski, görkemli bir kilise… “Burası da ticari kutular ve çuvallarla yığılmış.
Eski sokaklarda beraber dolaşırken büyük bir heyesele, ‘Münih dünyadaki en büyük sanat merkezi, sanat açısından dünyanın merkeziidir,’ diyor bay Buscher. Münih’te gece boyunca yağmur yağıyor ve ertesi sabah yol, birkaç kilometre boyunca bisiklet binmenin imkansız olduğu korkunç bir taş harabesi ve çamurla dolmuş tekerlek izlerine dönüyor.";48.135127246370196,11.581989117381946;-;;;;;;;;;;;;;;;;
79;Muhldorf;-;Bisiklet;"Muhldorf ilginç bir kasaba. Ana caddenin yaya kaldırımları bir uçtan diğerine kadar modern yapılara da benzemeyen uzun kemerlerin altına yapılmış.
Ancak birkaç yüzyıllık kemerli geçitler oldukları ve birkaç katlı binaların ön taraftaki odalarını destekledikleri şüphe götürmez.";48.246115386923286,12.522978109414082;-;;;;;;;;;;;;;;;;
80;Inn Nehri;-;Bisiklet;İnn nehri ılık, zengin bir vadide akıyor. Hasat mevsimi başlamış ve samanlar tüm hızıyla yapılıyor. Çıplak ayaklı Maud Mullerların (Şair Wittier’in  Maud Muller şiirindeki kadın kahramanı) erkeklerle yan yana tırpan sallayıp saman biçtiği ve tırmıkla topladığı tarlalardan sabahın taze havasında hoş bir koku yayılıyor.;47.786975713461906,12.123080639561033;-;;;;;;;;;;;;;;;;
81;Simbach Kasabası;-;Bisiklet;Simbach kasabasında büyük bir tahta köprü üzerinden tekrar Inn nehrini geçiyorum ve diğer tarafta da Avusturya hanedanlığının armasını taşıyan eski bir taş kemerin altından geçiyorum.;48.2675857043397,13.027353764993899;-;;;;;;;;;;;;;;;;
82;Lambach;-;Bisiklet;Bu sabah Lambach’a girerken dikkatsiz ve tam bir Avusturyalı gibi sokak ortasında bağlanmadan başıma kimse olmadan bırakılan bir yandan geçiyordum…;48.091290957797604,13.875476317693387;-;;;;;;;;;;;;;;;;
83;Strenburg Köyü;-;Bisiklet;Tepe­lerin arasında yukarı giderken Strenburg köyünde günün çok güzel bir vaktinde akşam oluyor. Doktorun İngilizceyi konuştuğu ve otelde tercümanlığımı üstlendiği Strenburg köyü hoş ve insanlarının girişken olduğu bir yer çıkıyor. Hayat dolu bir İtalyan kadını olan okuldaki bayan öğretmen kendisine sürekli olarak ‘okul müdürü’ des­e de Fransızca ev Almancaya ek olarak birkaç kelime İngilizce de konuşabiliyor. Aynı otelde kalıyor ve tüm akşam boyunca hayal edilebilecek en hayat dolu konuşma ve en etkileyici el kol hareketleriyle güler yüzlü muamele görüyorum. Otelin tepesinde kaba saba bir gözlemevi var ve yola çıkmadan önce bölgeyi şöyle bir bakıyorum. Manzara muhteşem, karlı zirveleri çamlarla kaplı tepelerin oluşturduğu dalgaların arasında beliren Avusturya Alpleri güneydoğuda gökyüzüne doğru yükseliyor. Kuzeye doğru ise sabah sisi arasında parlayan Tuna nehrinin aktığı sevimli vadi uzanıyor.;48.5734054255386,7.752095488112543;-;;;;;;;;;;;;;;;;
84;Viyana;31.05.1885;Bisiklet;Geceyi Neu Lengbach’ta geçirdikten sonra tepelere tırmanıp Viyana’ya doğru bozuk, pütürlü yollarda sallana sallana gidiyorum ve Pazar sabahı Avusturya başkentine öğle vaktinde ulaşıyorum. Viyana’da iki günlüğüne durmaya karar verip Salı günü şehir dışına çıkmayı planlıyorum. Viyana’daki bisiklet kulüpleri Gezginler’in merkezi Schwimmschulenstrasse isimli bir sokaktadır. Bisiklet kulübünün merkezine bir ziyarette bulunuyorum. Eğer girişimi bir gün daha erteleseydim Presburg’a kadar olan 70 kilometrelik mesafede küçük bir bisiklet grubunun bana eşlik edeceği sözünü alıyordum. Viyana’daki bisiklet kulüpleri Gezginler’in merkezi 5500 metre uzunluğunda, 2000 altın ödeyerek muhteşem görünümlü pist inşa etmişler ve bu kulüp Avusturya’daki en iyi pist olarak kabul ediliyor… Bugün Corpus Christi (Hristiyanlıkta özel bir gün) olduğu için imparator ve imparatorluğun önemli pek çok dini, sivil ve askeri kişisi tüm görkem ve ihtişamıyla geçiş yapacak. Sıradan Viyanalılar da bu kadar önemli bir olayı kaçırmak istemiyor. Diğer üç bisikletli yoldaşlarımdan ayrılıp hafif kıvrımlı ve düzgün yollardan ilerleyerek Petronelle’ye doğru hareket ediyorum. Oradan 30 kilometre uzaklıktaki Presburg’a geçiş yapacağız.;48.20806801131249,16.371322614280082;-;;;;;;;;;;;;;;;;
85;Presburg;04.06.1885;Bisiklet;Presburg’a doğru doğuya gittikçe yollar gevşek taşlar ve düzgün olmayan yüzeyler yüzünden daha bozuk ve kötü bir hale geliyor. Kutlamaların günün şerefine sokakları yeni kesilmiş çimlerle kaplanıp geçici caddelere çevrilmiş bir düzine köyden geçiyoruz. Hamburg’da 900 yıllık bir kemerin altından geçip şapkalarında yeşil meşe filizleri taşıyan Macar askerlerinin oluşturduğu sıraların arasında çim kaplı sokaklarda ilerliyoruz. Köylüler çanları çalan kilisenin etrafında toplanıyor. Doğru ilk ve tozlu Presburg’a giriyoruz. Yemekten sonra kentin Yahudi bölgesinden Presburg kalesinin bulunduğu ve ormanla kaplı kayalıkları, geniş, zengin ovalarıyla Tuna nehrinin güzel bir görüntüsünün izlenebildiği yüksek yere çıkıyoruz… Presburg’dan ayrılıp Macaristan’a geçtikten sonra yol gevşek çakıl taşına dönüşüyor. Ülkenin şimdi yaşadığı bu kurak mevsimde sürülmüş tarlada bisiklet binmeyi düşünecek gibi bir hale gelene kadar geçen her araçla taşlar karışıyor ve yerinden çıkıyor.;48.14859317257597,17.107733232053455;-;;;;;;;;;;;;;;;;
86;Macaristan;04.06.1885;Bisiklet;"Presburg’dan ayrılıp Macaristan’a geçtikten sonra yol gevşek çakıl taşına dönüşüyor. Ülkenin şimdi yaşadığı bu kurak mevsimde sürülmüş tarlada bisiklet binmeyi düşünecek gibi bir hale gelene kadar geçen her araçla taşlar karışıyor ve yerinden çıkıyor…
Macaristan uygulamada halen toprağa bağlı köleler ve soylular olan bir ülke ve yolda karşılaştığım hemen hemen her köylü daha düşük seviyesinin içgüdüsel bir kabullü olarak saygıyla şapkasına dokunuyor… Çingene gruplarıyla artık daha sık karşılaşıyorum. Buradaki çingeneler koyu tenli, parlak beyaz dişleri var ve kömür karası gözleriyle çevrelerindeki insanlardan açıkça uzaylı gibi ayrılıyorlar…";47.00000030838702,19.599973668015;-;;;;;;;;;;;;;;;;
87;Budapeşte;08.06.1885;Bisiklet;"Öğleden sonra Budapeşte’ye ulaşıyorum… Beni karşılamak üzere, İngilizceyi mükemmel konuşan ve bir İngiliz centilmeninin tüm zarif kibarlığına sahip bir Macar beyefendisi olan Bay Kosztovitz geliyor… Budapeşte’ye varışım, kulüp üyeleri arasında büyük bir heyecan yaratıyor… Burada bisikletin ulaştığı popülarite düzeyi ve sporcu ruhu, Avrupa’nın başka hiçbir şehrinde bu kadar belirgin değil… Budapeşte’de kadınlar oldukça zarif ve çekici; birçoğu olağanüstü güzellikte… Şehir, güzel sokakları ve kibar insanlarıyla birlikte, nezaketin ve canlılığın başkenti gibi görünüyor… Akşamları lambaların ışığında caddelerde yürüyen şık kadınlar… Macar halkı hem misafirperver hem de medeni… Budapeşte kadınları, Avrupa’da gördüğüm en güzel ve en cana yakın kadınlar arasında…";47.49791625984872,19.0402478434336;-;;;;;;;;;;;;;;;;
88;Duna Pentele;08.06.1885;Bisiklet;Pazartesi sabahı Budapeşte’den çıkarken dokuz bisikletli bana bir süre eşlik ediyor… Bay Philipovitz ve diğer iki üye Igali ve benimle birlikte 75 mil uzaktaki Duna Pentele’ye kadar devam ediyorlar. Burası uyuyacağımız ilk yer… Gün ortasının korkunç sıcağında Adony’de üç saat kadar duruyoruz… Akşamın ilk saatlerinde Duna Pentele’ye ulaşıp yemekten önce bir saat kadar Tuna nehrinin sularında yüzüyoruz…;46.96190478503782,18.935522574967308;-;;;;;;;;;;;;;;;;
89;Paks;09.06.1885;Bisiklet;Yol zorluklarla devam ediyor, ama Paks’ın güneyinde oldukça bozuluyor. Bu nedenle dut ağaçlarının gölgesi altındaki molalar Igali için daha sık bir olay haline geliyor.;46.60607354107939,18.854684906981777;-;;;;;;;;;;;;;;;;
90;Duna Szekeso;09.06.1885;Bisiklet;Duna Szekeso’ya, Tuna vapurları için önemli bir yer ve bu öğleden sonra bir grup gemi işçisini yemek yerlerken gözleme şansı buluyorum. Esmer, vahşi bir kalabalık görüntüsü içinde, ortadan ayrılmış ya da hiç ayrılmamış uzun saçlarıyla bütün dünyanın gemi işçilerinin giydiği gösterişli giysilerle eklenip bunlarla ulusal giysilerle içlerine karışmış bir etki oluşturuyor. 7,5 litrelik şat şeklindeki fıçıdan tatlı beyaz bir bordon şarabı içiyorlar.;46.9619044766022,18.935513704903695;-;;;;;;;;;;;;;;;;
91;Drave Nehri;10.06.1885;Bisiklet;Ertesi sabah 5’te Duna Szekeso’dan çıkıyoruz ve öğleden önce bir Yunan kolonisi olan Baranyavar’dan geçiyoruz… Tuna’nın önemli kollarından biri olan Drave nehrindeki köprüden Slovenya’nın başkenti Eszek’e geçerken apaçık yağmur habercileri güneydeki ufukta beliriyor.;46.728635946857075,12.306547547613989;-;;;;;;;;;;;;;;;;
92;Eszek;11.06.1885;Bisiklet;Eszek güçlendirilmiş bir şehir ve çok eskiden önemli bir kaleymiş. Tamamen düz bir alanda kurulduğu ve savaş taktiklerinin karşıda durup şehri daha fazla karşı gelmeyi anlamsız kılana kadar bombalamak olduğu zamanlarda, şehrin tek bir saldırıyla düşmesini önlemek fikrinden hareketle güçlendirmeleri, kazılıp duvarla kaplanan geniş hendeklerden ibaret olan şehir modern silahların ortaya çıkışından beri önemini yitirmiş.;45.554962423686796,18.69551276722096;-;;;;;;;;;;;;;;;;
93;Slovenya;14.06.1885;Bisiklet;Ertesi sabah 6'da Slovenya'nın içlerine doğru yola çıkıyoruz, ama arkadaşımın kızınca söylediği en gözde sözün normalden daha sık gerçekleşmesini sağlayan çamur, taş ve tekerlek izleriyle dolu bisiklet sürülemeyecek bir yol olduğu için bisikletlere binmedik. Yolun bir kısmında bisiklet sürmeye oldukça uygun, dar bir kenar var, ancak çok yakınındaki derin bir hendek hiç de davetkar görünmüyor ve arkadaşım tüm ısrarıma rağmen oradan gitmeye ikna olmuyor… Güneye doğru ilerlerken yerlilerin özellikle de Slovenlerin belirgin özelliklerinde daha fazla olmak üzere, dış görünüşlerinde gözle görülür bir değişiklik oldu. Doğu'nun üzerinde parlayan cömert güneş, daha sert kuzeye doğru insanları dost canlısı ve cana yakın bir mizaca kavuşturan yumuşatıcı bir etki sunuyor. Çocuksu tavırlar sergileyen Aşağı Tuna sakinlerinin hayranlığını ve alkışını kazanmak için çok küçük çabalar yeterli. ;46.060000806550356,14.650001650042551;-;;;;;;;;;;;;;;;;
94;Sarengrad;14.06.1885;Bisiklet;Slovenya'nın bu kısmında yaşayanların çoğu süslü giyime olan düşkünlükleriyle tanınan Hırvatlar. Bu güneşli Pazar sabahında köylerin arasında ilerlerken, en güzel elbiselerinin cesaretiyle etra-fımızda toplanan köylülerin oluşturduğu kalabalıklar aslında bu-güne kadar karşılaştığım her şeyin ötesinde mutlu ve portrelik bir görüntü sunuyor. Erkeklerin giysileri örgü işleri ve ipek işlemelerle kaplanmış. Bu tip süslemeler başka yerlerde utanılacak bir şey gibi düşünülür, oysa Hırvatların bakış açısında çok güzel algılanıyor. ;45.23110202729228,19.280033575565415;-;;;;;;;;;;;;;;;;
95;Peterwardein;15.06.1885;Bisiklet;Bu gece hemen karşısındaki Tuna nehrini geçen dubalı köprünün devamında Neusatz şehri bulunan, sıkı koruma altındaki Peterwardein kasabasına ulaşıyoruz… Peterwardein oldukça sıkı korunan bir yer ve Tuna nehrini tamamen kontrol eden konumda olduğu için Peterwardein kalesinin inşa edildiği tepe gibi hakim bir noktaya yerleştirildiğinde kesin-likle küçümsenmemesi gereken büyük çaplı 30 top bataryasıyla donatılmış;45.23110414638439,19.280035741630233;-;;;;;;;;;;;;;;;;
96;Fruskagora;15.06.1885;Bisiklet;Bütün sabah boyunca Fruskagora dağlarının bir burnunu aşmak için uğraşıyorduk ve çok yavaş ilerledik. Buradaki yollar genelde doğal toprak ve buna bağlı olarak da kötü, ancak Tuna'nın yeşil ormanları ile daha yeşil tarım arazilerinin muhteşem manzarası bu gereğinden fazla çabayı ödüllendiriyor. Meyveyle dolu ancak hala yeşil ağaçların olduğu erik bahçeleri bolluğuyla yamaçları kaplıyor. Aslında geniş, zengin Tuna nehri vadisinin tümü taşan bolluğun bilinciyle başını sallayıp gülümsüyor. Günler boyunca üzüm bağları, meyve bahçeleri ve umut veren buğday tarlalarının içinden ilerliyoruz. ;45.157089881473986,19.70932565624962;-;;;;;;;;;;;;;;;;
97;Semlin;16.06.1885;Bisiklet;"Tuna nehri kıyısındaki oldukça önemli bir Sloven şehri olan iki saat uzaktaki Semlin'e geliyoruz. Vapurlar iki şehir arasında düzenli olarak gidip geliyor ve Igali'nin gezgin pasaportu olmadan Sırbistan topraklarına geçiş izni alabilmesi için farklı yetkililerle bir saat uğraştıktan sonra Semlinli çılgın kalabalıklardan vapura kaçarak kurtuluyoruz. 10 dakika sonra ise bizi Belgrad'da nezaketle karşılamak için tam üniformalarıyla iskeleye kadar gelen 3 Sırp bisikletliyle işaretleşiyoruz. Sadece Belgrad anlaşmasından beri bağımsız olan küçük Sırp Krallığı'nın başkenti Belgrad'da öğrendiğim gibi, Ocak 1885'te bir bisiklet kulübünün kurulduğunu ve 12 tanesi kendine ait bisiklet sahibi olan 30 üyelerinin bulunduğunu öğrenince pek çok okuyucum hiç şüphesiz çok şaşıracak. Kulüplerinin adı Fransızca ""La Societe Velocipedique Serbe"" sadece slav alfabesiyle yazılabiliyor. ";52.65042377850325,12.383992776823996;-;;;;;;;;;;;;;;;;
98;Belgrad;16.06.1885;Vapur;Tuna nehrine hakim bir tepeye kurulan Belgrad oldukça iyi korunuyor. Yüzyıllarca Türkler ve Hıristiyanlar arasında kalan tartışmalı bir ülkenin önemli bir sınır noktası olduğu için savaşın izlerini taşıyan eski ve dayanaklı bir şehir. Diplomatik satranç tahtası ya da daha kötüsü orduların ve hükümdarların futbol oyununda gıptayla bakılan, kazanılacak veya kaybedilecek bir ödül oldu. Osmanlı Türkleri Hıristiyanlığın ve medeniyetin tomurcuklandığı Avrupa'nın bu en güzel kısmındaki güneydoğu ufuklarında ancak el büyüklüğünde kara bir bulut gibi görünmeden önce Belgrad önemli bir roma kalesiydi. Bugün ulusal müzesi ve antikacı dükkanları zaman zaman kalenin içinde ve koruması altındaki yakın çevrede yapılan kazılarda çıkartılan Bizans antikaları açısından zengindir. Belgrad'daki her çeşit eski para ve kalıntı aslında öylesine çok ki antikacı dükkanının penceresindeki koleksiyona bakarken dükkan sahibi dışarı çıkıyor ve içeri girip diğer parçalara daha yakından bakmam için yem niteliğinde bir avuç bakır Bizans parası gösteriyor. Ünlü Berlin anlaşmasıyla Sırplar tam bağımsızlıklarını kazandı ve sultana vergi ödeyen ülkeleri, başında hiç kimseye bağlı olmayan Sırp kralının bulunduğu bağımsız bir krallığa dönüştü. İnsanlar bu değişikliğe karşı olan derin saygılarını halen birçok küçük yolla gösteriyor. Resim galerilerini Sırp kahramanlarının resimleri, savaş bayrakları ve tarihlerinin diğer hatıralarıyla doldurmanın yanı sıra hakim İslam gücünün buradan ayrılmasıyla ilgili duygularını göstermek için önde gelen bir Türk camisini bir otele çevirmişler. Sırp başkentindeki önemli kalıntılardan biri, düşman ordusu şehrin nehirle bağlantısını kestiği zaman şehre su sağlamak için kalenin bulunduğu tepeden Tuna'nın seviyesinin altına kadar kazılan eski bir Roma kuyusudur. Çevresi 12 metre, derinliği ise 75 metre civarında olan tuğladan, dışında tabanından tepesine kadar gövdenin etrafında yılan gibi kıvrılan taştan bir merdiveni bulunan kocaman bir yapıdır. Duvardaki 2 metre yükseklik, 1 met-re genişlikteki delikler aşağı inerken tüm yol boyunca görülüyor. Perişan kılıklı rehberimizi kırık bir fenerdeki zayıf ışıkla aşağıdaki rutubet ve karanlığın içine doğru takip ederken bu karanlık, sulu derinliklere giden deliklerin Belgrad’ın acıklı tarihindeki birçok insanın gizemli yok oluşunda hiç şüphesiz sorumluluğu olduğunu düşünmekten kendimi alamıyorum. ;44.81254413392139,20.46122366592089;Evet;;;;;;;;;;;;;;;;
99;Semendria;19.06.1885;Bisiklet;Kaptanla birer bardak veda şarabı içerken Amerikalılara hayran olan Semendria'daki hancı kısa kurşun kalemle notlarımı yazdığımı görüyor. Bir dakikalığına içeri gittikten sonra Sırbistan ulusal renklerindeki ipek bir şeride bağlı geçmeli bir kalemlikle geri dönüp boynuma asıyor ve dünyayı dolaşırken takmamı, böylece yolculuğum bittikten sonra bazen Sırbistan'ı düşünmemi istiyor.;44.661994389498375,20.930236453492828;Evet;;;;;;;;;;;;;;;;
100;Morava Vadisi;19.06.1885;Bisiklet;Morava vadisi boyunca yollar Sırbistan'da bulmayı umduğumdan çok daha iyi devam ediyor. Sık çam ormanlarıyla kaplı, bazen oldukça yüksek zirvelere ulaşan Resara dağları hızla ilerlediğimiz vadinin sağ tarafını sınırlıyor. Güneş geride kalan dağların arkasında batıyor. Akşam karanlığından sonra yeni aydan gelen zayıf ışık haricinde hava tamamen kararıyor ve varış yerimiz birkaç kilometre uzakta beliriyor.;44.20422343735846,21.158571290178813;Evet;;;;;;;;;;;;;;;;
101;Jagodina;19.06.1885;Bisiklet;Jagodina’dan ertesi sabah 05.30’da yola çıkıyoruz. Yollar bazı yerlerde kumla biraz ağırlaşıyor, ama onun dışında tam bir bisikletlinin istediği gibi;43.98345970736332,21.258244092701748;Evet;;;;;;;;;;;;;;;;
102;Deligrad Köyü;20.06.1885;Bisiklet;Türklerle Sırpların 1876ʼda savaştıkları savaş meydanıyla aynı adı taşıyan Delegrad'dan geçiyoruz. Delegrad'ın yukarısındaki savaşın izlerini taşıyan tepeler, buralarda en güzel halini alan ve tüm güzelliğini gösterebilmek için yeterince geniş olan aşağı Morava vadisinin muhteşem manzarasına hakimdir. Sırplar buradaki Delegrad savaşını kazandı. Tepelerden güneye doğru uzanan ihtişamlı görüntüye bakmak için dururken bana öyle geliyor ki komutanlarının, işgalcileri Sırbistan'ın mücevheri durumundaki Morava vadisinin tüm güzelliğiyle önünde uzandığı bir noktada karşılaması gerçekten zekicedir. Böylece kendi birliklerinin vatansever duygularını vadinin güzelliğiyle ayağa kaldırmıştır. Çok sevdikleri ülkelerinin en güzel yeri önlerinde bir resim gibi uzanırken kazanmaktan başka bir şey yapmaları da zaten beklenemezdi. Türklerden ele geçirilen büyük bir top, Sırp cesaretinin sessiz ama etkili bir tanığı olarak yol kenarındaki arabasının üzerinde duruyor.;43.61578561720431,21.58561131730796;Evet;;;;;;;;;;;;;;;;
103;Alexinatz;20.06.1885;Bisiklet;Birkaç mil sonra yemek için Sırpların bağımsızlık mücadelesi sırasında en büyük savaşlardan birinin yapıldığı eski Sırp sınırının yakınındaki Alexinatz kasabasında duruyoruz. Bu sefer kazanan taraf Türklerdi. 15.000 Sırp ve 3.000 Rus askerinin öldüğü savaşın ardından Alexinatz kasabası kül oldu. Ruslar savaşta ölen arkadaşlarının anısına kasabaya bakan tepeye granit bir anıt diktiler. ;43.54050855878546,21.708990457419148;Evet;;;;;;;;;;;;;;;;
104;Niş;20.06.1885;Bisiklet;Niş tamamıyla Doğulu bir şehir gibi görünüyor ve burada ilk kez yüzleri beyaz yaşmaklarla (gözleri açıkta bırakan ince yüz örtüsü) örtülü Türk kadınlarını görüyorum. ;43.3209250521561,21.895409455102364;Evet;;;;;;;;;;;;;;;;
105;Bela Palanka;21.06.1885;Bisiklet;Bela Palanka'da geçirdiğim Pazar günü Doğulu bir köyün yaşamamak için muhteşem bir yer olduğu konusunda beni ikna ediyor. Kuru havalarda bile yeterince rahatsız edici, ama bugün çamurlu sokaklarda yürüyen zavallı görünüşlü köylüler, domuzlar, ördekler, kazlar, tavuklar ve köpekler kargaşa içinde bir araya gelmiş gibi. Doğulu köylünün elbisesi bakan kişinin zevkine göre portrelik veyahut değil. Elbisenin üstü olarak kırmızı fes veya türban ve genişliği 50 santimetreyi bulana kadar belin etrafına kat kat dolanan kırmızı kuşak herkes için yeterince etkileyici…  Bela Palankalı genç kızlar yaşmak yerine yüzü kısmen kapatan bir başlık takmalarına rağmen, bütün çabalarıyla hayattaki tek hedefleri sanki tüm dünyanın gözünde görgü kurallarına uyuyormuş gibi görünmek olan bir izlenim veriyor. Sokaklarda sağa sola bakmadan, birbirleriyle konuşmak için durmadan ve erkeklere hiçbir şekilde dikkat etmeden çok tedbirli yürüyorlar.;43.21766765528665,22.311724502514522;Evet;;;;;;;;;;;;;;;;
106;Pirot;22.06.1885;Bisiklet;Bela Palanka ile Pirot arasındaki tepelerin zirvesine ulaştıktan sonra ilerideki vadiye inen yol iyileşiyor. Sırp yetkililerce pasaportumun incelendiği ve 20 kilometre güneyde geçeceğim Sırp-Bulgar sınırı için vize işlemlerinin tamamlandığı Pirot'a kadar hızla gidiyorum. Pirot oldukça büyük ve önemli bir kasaba ve benim gidişimle Pirot sakinleri uzun zamandır yaşamadıkları kadar büyük bir heyecan yaşıyor. Otelde ekmeğin yanında kahvemi içerken ana cadde bayramyeri gibi kalabalıklaşıyor. Yetişkin insanların yüzleri ben otelden çıktığım zaman görmeyi umdukları şeyin keyifli tahminiyle etraflarındaki perişan kılıklı gençlerin yıkanmamış yüzleri kadar parlıyor.;43.15705473677538,22.583985832400735;Evet;;;;;;;;;;;;;;;;
107;Zaribrod;22.06.1885;Bisiklet;Saat 10 civarında Bulgar sınırındaki Zaribrod köyüne ulaşınca tekrar durduruluyorum… Zaribrod'daki Bulgarlar yabani, evcilleştirilmemiş ve kendilerine çok fazla hakim değil. Ben göründüğüm zaman hevesli beklentinin sessizliği kalabalığı kaplıyor ve seleye oturup Bulgaristan'ın iç kısımlarına doğru giderken 300 kişiden kendiliğinden çıkan sevinç çığlıklarına dönüşüyor… Sırbistan'daki yolculuğum çok zevkliydi ve kayda geçirmek durumunda olduğuma ben de şaşırsam da yollar şose olmamasına rağmen Fransa ve İngiltere haricinde Avrupa'daki herhangi bir ülkeyle aynı ortalamalardaydı. Ama hava yağmurlu olsa böyle bir avantaj biraz zor yakalanırdı. Sırp köylüsünün bendeki izlenimi çok iyi. Sevgi dolu, misafirperver, küçük ülkelerini seven ve kendi devletlerini kurma rüyasını yakın zamanda gerçekleştirdikleri için bağımsızlığın kıymetini bilen vatansever insanlar. Köprülerin ve devlet binalarının ahşap işlerini bile ulusal renklerinde boyuyorlar. Sırpların bağımsızlıklarını kazandıklarından beri çok geliştiklerini öğreniyorum.;43.018436983914484,22.781931093320697;Evet;;;;;;;;;;;;;;;;
108;Sofya;22.06.1885;Bisiklet;Öğleden sonra 4.30’da Bulgaristan’ın başkenti Sofya’ya giriyorum… yemekten sonra pazarda dolaşırken sokaklar, saray çevresi ve aslında bitkisel yağla aydınlatılan camilerin minareleri haricinde her yerin Bulgar başkentinde bilinmeyen Amerikan petrolü, kömürü ve benziniyle aydınlatıldığını fark ediyorum. Bu insanların yaptığı her yerde açık bir sistem eksikliği bulunuyor… Doğu'daki gerçek çalışan sınıfların çalışkanlığıyla şaşırıp kaldım ama uygulama ve yaratıcılıkta Doğu ne yazık ki yetersiz… Sofya’nın güneyindeki toprak ve kırılmamış, iri çakıl taşlarından yapılan yol berbat. Yıllardır onarım yapılmamış ve değişik mevsimlerdeki yağışlı havalarda sürekli olarak buradan geçen yük ve öküz arabaları toprağı alıp götürmüş.;43.01843765081877,22.781928435163042;-;;;;;;;;;;;;;;;;
109;Ichtiman;23.06.1885;Bisiklet;Rumeli vilayetindeki Ichtiman’a ulaşıyorum ve yine pasaportum isteniyor. Yakın zamana kadar tamamen “korkunç Türk” ün hakimiyeti altındaki topraklarda ilerliyorum. Büyük çoğunluğu dini olarak bir şey ifade etmese de Bulgarlar en azından Hristiyan;42.43770238809152,23.816278709851588;Evet;;;;;;;;;;;;;;;;
110;Meriç Vadisi;24.06.1885;Bisiklet;Ilık verimli Meriç vadisine öğle vakti ulaşıyorum ve buranın ortasında ciddi ciddi bir şose yol bulduğuma üzülmüyorum. Dağlarda şiddetli yağmur yağarken burada küçük çaplı bir sel yaşanmış ve yol bitişik tepelerden gelen çamur ve kumla kaplanmış. Bulgaristan’ın tarım yapılan yüksek kesimlerinde buğday tarlaları hala yeşilken daha ılık Meriç vadisinde hasat çoktan başlamış. Rumeli köylülerinin oluşturduğu gruplar fırtınanın zarar verdiği tarlalardaki ürünlerini kurtarmak için gayretle çalışıyorlar. Bu düz vadi yolu önümde birkaç kilometre uzanırken bir düzine minare yükseliyor. ;40.73590819174408,26.088829952141495;-;;;;;;;;;;;;;;;;
111;Tatar Pazardjik;24.06.1885;Bisiklet;Burası Doğu şehirlerinin canlı olduğu anlamında oldukça canlı bir şehir. Bu da pazardaki ürün çeşidinin bolluğu ve rengarenk kalabalıkların olduğu anlamına geliyor. Fırtına çıkınca bir süre burada kalıyorum ve sonun-da güneye doğru yağmur ihtimaline rağmen yola çıkıyorum. Tatar Pazardjik'in hemen dışında, Meriç nehrinin kıyısında pek çok çingene köyü kurulmuş. Güneşte yanmış, yarı çıplak çocuklar vahşi bir şekilde bana taş atıyor ve aç görünümlü birkaç köpek tehdit eden havlamalarla bir süre beni kovalıyor. Doğudaki köpekler tek bir cins gibi görünüyor. O da alışık olduğumuz ruh ve cesaretten eser olmayan gerçek melezler.;42.19277006626567,24.333567364571003;Evet;;;;;;;;;;;;;;;;
112;Philippopolis;25.06.1885;Bisiklet;"Philippopolis kayalık tepelerin toplandığı bir noktada, portrelik hoş bir etki bırakan ağaçlarla kaplı bu tepelerin üzerinde ve etrafında çok güzel konumlandırılmış bir şehir. Yeşilliklerin arasındaki gökyüzünü işaret eden ince minarelerle manzara tamamıyla ""Doğu"", ama tüm Doğu şehirleri gibi ""mesafe manzaraya büyü katıyor"". Meriç vadisi boyunca ve engebeli Edirne vadisinde doğuya ve güneye doğru sayıları daha az olsa da tarih öncesinden kalma yükseklikleri 7,5 ile 8 metre arasında değişen ve çapı da aynı oranlarda olan pek çok höyük bulunuyor. Bazen gruplar halinde bazen tek başına bulunan bu höyükler o kadar sık bulunur ki tek seferde bir düzine sayıldığı zamanlar bile olur. Philippopolis çevresinde birkaç tanesi kazılıp ortaya çıkartılmış. Kaba çömlekten yapılmış geniş taş plakaların altında uzanan, ters çevrilmiş V, yani A şeklinde yerleştirilmiş insan kalıntıları vücutların korunması için açıkça sınırlandırılmış. Manzaradaki bir başka özellik ve hüzünlü yönüyle gözlemci gezginin dikkatini çekmekte gecikmeyen yer de Müslüman mezarlıklarıdır. Her kasabanın dışında ve her köyün yakınında bir başında kabaca dikilmiş taşların göze çarptığı geniş alanlar var. Ölülerin şehirleri hemen yanı başındaki yaşayanlarınkinden çok daha kalabalıktır. Philippopolis yükseltilerinde durup etrafta değişmez kaderimizin hatırlatıcılarıyla yoğun bir şekilde beneklenmiş tepeler ve vadilere bakabilirsiniz… Bana söylendiğine göre Philippopolis Türklerden Hristiyanlara geçtiğinden beri çok gelişmiş, Hristiyanlık sadece İslam üzerinde zafer kazanmamış, ayrıca etkisi sokakların durumunu ve görüntüsünü de hızla değiştiriyor.";42.13541308830345,24.745280966394443;Evet;;;;;;;;;;;;;;;;
113;Svilengrad;26.06.1885;Bisiklet;"Mustafa Paşa geldiğim ilk önemli Türk köyü ve burada yine çok lazım ""pasaportum"" inceleniyor, ama Mustafa Paşa'daki polis memurları olağanüstü akıllı ve oldukça iyi insanlar gibi görünüyor. Tabancam her zamanki yerinde açıkça görülebiliyor, ama ne dikkat ediyorlar ne de nereye gittiğim, nereden geldiğim gibi dil bilgimi ölçen saçma sapan sorular soruyorlar. Sanki incelenmesinin bir önemi yokmuş gibi sadece pasaportuma göz atıp elimi sıkıyor ve bisiklete binerken görmek istediklerini söylüyorlar. Mustafa Paşa'dan ayrıldıktan hemen sonra yağmur başlıyor ve yolun altındaki uygun bir kanala saklanmak zorunda kalıyorum.";41.7683963327467,26.197305053225776;Evet;;;;;;;;;;;;;;;;
114;Edirne;27.06.1885;Bisiklet;Ertesi sabah çok güzel yollarda birkaç mil gittikten sonra Edirne’ye ulaşıyorum… Edirne’de yolum Meriç vadisinden ayrılıyor. Engebeli Edirne ovasının dalgalı arazilerinde, büyük kısmı bozuk olan yollarda ilerlemeye devam ediyorum. Saat öğleyi biraz geçerken Hafsa köyüne ulaştığımda kalabalık bir türbanlı ve fesli Hafsalı grubu ile mavi üniformalı Türk askerleri tarafından karşılanıyorum… Edirne ovası küçük çayların ve onları bitişiğindeki tarım arazilerinin bulunduğu korkutucu büyüklükte dalgalı bir otlak yeri. ;41.67713188069204,26.55570779957509;Evet;;;;;;;;;;;;;;;;
115;Babaeski;27.06.1885;Bisiklet;Eski Baba'da önemli oranda yerli Hristiyan olsa da bu akşam sokakta tek bir kadın yok. Ertesi günkü gözlemlerimden buranın kadınların geleneksel kuralcılıkla örtünmelerinin yanı sıra nadiren dışarı çıktıkları ve gayrimüslim kadınların da hakin sınıftan etkilenerek kendilerini arka planda tuttukları tutucu bir Müslüman köyü olduğu sonucuna varıyorum… Türk köyünde bir Pazar günü deneyimi geçirmek daha cazip görünüyor. Erkekler ağırbaşlı bir şekilde meyhanenin banklarına oturmuş nargile içip küçük fincanlarındaki koyu, siyah kahvelerini yudumluyorlar.;41.431325745432844,27.09179351908109;Evet;;;;;;;;;;;;;;;;
116;Marmara Denizi;01.07.1885;Bisiklet;Artık güzel Marmara denizine yaklaşıyorum ve ertesi sabah yağmurun normalin tam tersine iyileştirdiği kumlu yollar buluyorum… Bir saat sonra sağ tarafta Marmara denizini ilk kez görünce çok mutlu olmaya başlıyorum… Kıyı, kum ve küçük deniz kabuklarından oluşuyor, dalgalar da kristal gibi berrak. ;40.79438731718476,28.044011177796165;Evet;;;;;;;;;;;;;;;;
117;Galata Köprüsü;02.07.1885;Bisiklet;Çok geçmeden Türk başkentinin dönemeçli sokaklarından İstanbul’u Galata ve Beyoğlu’na bağlayan köprüye doğru gidiyorum;41.02183524404932,28.97449616198179;Evet;;;;;;;;;;;;;;;;
118;İstanbul;02.07.1885;Bisiklet;Ertesi sabah İstanbul'a giden yolda, hayatta gördüğüm ilk deve katarıyla karşılaşıyorum. Sabahın griliğinde etraftaki tamamen Doğulu görüntüler arasında Asya yaşamına uygun bir giriş gibi görünüyor. Ruslar İstanbul'un kapılarına dayandığında Bekir Paşa tarafından yaptırılan siperlerin sınırından içeri saat 8'de geçi-yorum. Çok geçmeden Türk başkentinin dönemeçli sokaklarından İstanbul'u Galata ve Beyoğlu'na bağlayan köprüye doğru gidiyorum… Temmuz ve Ağustos’un sıcak dönemlerini rotamı şekillendirerek geçirmek istediğim için İstanbul’da kalmak istiyorum… Tarihinin yanı sıra coğrafi konumuyla İstanbul doğal olarak dünyanın en kozmopolit şehirleri arasında yerini alıyor ve yoğun yollarını dolduran kalabalıklar elbiselerinde kırışıklık olmayan kibar insanlardan Orta Asya devletlerinden en kaba şekilde yapılmış koyun postu giysileriyle gelen yarı vahşilere kadar her çeşit insana ev sahipliği yapıyor… İstanbul’un kaldırımları saçma denecek kadar dar… Türk bayanları yorgun ve tembel bir şekilde yürüyor. Kefen gibi örtüleri ise bu hiç de zarif olmayan görüntüyü kötüleştiriyor… ;41.00823741107361,28.97837205065755;Evet;;;;;;;;;;;;;;;;
119;Kadıköy;12.07.1885;Kayık;İstanbul’dan kolayca ulaşılabilen deniz kıyısındaki birçok şirin yerden biri olan Kadıköy’e Boğazda bindiğimiz kayıkla gidiyoruz ve Asya toprağına ilk kez ayak basıyorum. ;40.980153158029076,29.082271139796426;Evet;;;;;;;;;;;;;;;;
120;Tarabya;13.07.1885;Vapur;Tarabya'da en belirgini İngiliz ve Fransız olmak üzere değişik büyükelçilerin yazlık evleri bulunuyor. İngiliz elçisinin geniş arazisi güzel bir şekilde teraslanmış ve açıkça kraliyet ailesinin kendisi için bile uygun durumda. Tarabya'da ya da bu mavi dalgaların ve güneşli yamaçların bulunduğu cennet şehirdeki pek çok çekici yerden birinde yazlık villa ve gönlünün istediği her yere gidebileceği bir yat almaya yetecek geliri bulunan İstanbullulara ne mutlu. Öğle vaktindeki güneşin göz kamaştırıcı pırıltısı altında boğazdaki manzara çok güzel, ancak buradaki güzellik tamamen dünyevi ve akşama doğru şehre geri dönerken karanlık gölgeler her şeyin üzerine çöküyor. ;41.13903282292092,29.047970667620895;Evet;;;;;;;;;;;;;;;;
121;Ayasofya Camisi;18.07.1885;Yaya;"Aya Sofya'nın kapılarına yaklaşıyoruz. Ancak bırakın hayal gücünüz ayaklansın, çünkü “İstanbul'daki en güzel cami""de küçük bir hayal kırıklığına uğrama korkusu var. Kapıda ayakkabılarınızı çıkarıp çıplak ayakla gitmeniz veya 2 akçelik giriş ücretine ek olarak kullandığınız terlik için görevliye ""bahşiş"" vermeniz gerekiyor. Sıradan bir insan bile Aya Sofya'nın içinde ayakkabısından çamur kaplumbağasının başı gibi çıkan başparmağıyla dolaşmaktansa son kuruşunu dahi vereceği için çorapları delik insanlar ve üç boy küçük bot giyen gençler terlikçi adamın meşru kurbanları oluyor. Biz camiye girerken dindar Müslümanlar caminin bir düzine yerinde başlarını hasır kaplı zemine kadar eğiyor. Uzaktaki yorgun görünen hacılar görmek için belki de yüzlerce mil yolculuk yaptıkları büyük yapının içinde huzur içinde uyumanın mutluluğuyla serin köşelerde kıvrılıyor. Yar çıplak çocuklar parmaklıklara tırmanıyor veya başkalarını rahatsız edebilecek şekilde gürültü yapmadan canlarının istediği gibi hoplayıp zıplayarak çocukluğun sınırsız tavrıyla her yerde oynuyor. Kocaman kubbenin muhteşem mozaik tavanında Türklerin sık sık üstünü boyayarak kapatmaya çalıştığı, ancak ne kadar boyarlarsa boyasınlar bir türlü kapatmayı başaramadıkları Meryem Ana'nın bir resmi bulunuyor. Üstteki galerilerden birinde Türklerin olanca gücüyle yıkmak için uğraştığı ""Cennet kapısı"" ve ayrıca ""Cehennem kapısı"" var. Ancak ""Cennet kapısı""na karşı bir alet kullanmaya çalışan her kol o anda felç oldu ve doğal olarak yıkmaya niyetlenenler bu işten vazgeçtiler… İstanbul Osmanlılar tarafından fethedildikten sonra camiyi ziyaret eden ilk sultana ait el izi olduğunu söylemeyi bir gönüllülük kabul ediyor. ";41.00859242303446,28.98017625140527;Evet;;;;;;;;;;;;;;;;
122;Yerebatan Sarnıcı;18.07.1885;Yaya;"Yerebatan sarnıcı İngilizce: ""Thousand and one columns"", 1001 sütun) antik Yunanlılar tarafından İstanbul'a su sağlamak için yapılmış bir çeşit depodur. Sütunların sayısı aslında 334'tür, ancak her sütun üç parçadan oluşuyor ve sayıyı böyle hesaplayınca hayali ""1001"" rakamına ulaşıyoruz. Sarnıca taş basamaklardan inerek gidiliyor. Kolonların ikinci parçasının yarısına kadar toprakla dolmuş, bu yüzden en alttaki parça tamamen gömülmüş. Bu doldurma işlemi yeniçerilerin zamanında yapılmış. Bu yerinde duramayan savaşçılar ünlü ""güçlü ol, şeytan zayıf olanı alır"" teorilerini karanlık olduğunda bu bölgeden geçen savunmasız insanları soyacak boyuta taşıyıp sonra da bu insanları kullanılmayan sarnıcın karanlıklarına hapsetmişler. Nem ve serinlik ipeğe faydalı olduğu için sarnıç şimdilerde birkaç Yahudi ipek dokumacısı tarafından kullanılıyor.";41.008391590672126,28.97787907149225;Evet;;;;;;;;;;;;;;;;
123;Sultan Mahmut Türbesi;18.07.1885;Yaya;Kapalı Çarşı'ya giden yolda Sultan Mahmut'un türbesini ziyarete diyoruz. Sultanın, eşlerinin ve prenseslerin tabutları som gümüşten kalın parmaklıklarla çevrilmiş. Her biri en azından 45 kilo gelen ilginç şekilli şamdanlar her mezarın başına ve ayakucuna yerleştirilmiş. ;41.00875044555534,28.97243584218918;Evet;;;;;;;;;;;;;;;;
124;Kapalı Çarşı;18.07.1885;Yaya;"Kapalı Çarşı ününü gerçekten hak ediyor, çünkü tüm dünyada karşılaştırılacak bir eşi yok. Labirent gibi küçük sergileri ve dükkanlarıyla tek bir düz sıra oluşturulsa kilometrelerce uzanırdı. Pazarlıkları ve üretim yapılan yerleri izlerken bütün bir günü yararlı geçirebilirsiniz. Bu şaşırtıcı alışveriş labirentinde Doğuya özgü yaşam mükemmel bir şekilde görülebilir. Doğunun ""gizemli örtülü kadını"" dar yollarda koştururken ve hemen her dükkanda otururken görünüyor. Su ve karpuz satıcıları ile diğer bir sürü yiyecek satıcısı ortalıkta geziyor. Eğer rehberiniz dürüst bir adamsa, sizi çok iyi pazarlık yapabileceğiniz her çeşit antika eşyanın bulunduğu küçük, havasız deliklere veya sahtekarsa ve' sadece ismiyle antikacı olan aynı oranda sahtekar düzenbazlarla iş yapıyorsa, her şeyin sadece adi taklit olduğu yerlere de götürebilir. İlk durumda eğer alışveriş olursa dükkan sahibinden küçük ama hak ettiği bir komisyon alır, ikincisindeyse komisyon belki de %30'a kadar çıkabilir. Harcayacak çok parası olan ama antika eşyaların asıl değeri ve gerçekliğiyle ilgili hiç bir şey bilmeyen turist grubuna eşlik eden bir rehberin komisyon olarak günde 10 veya 15.000 sterlin kazanabildiğini öğreniyorum.";41.01069232971613,28.968064743608622;Evet;;;;;;;;;;;;;;;;
125;Yeni Cami;18.07.1885;Yaya;Yeni Cami’ye uğruyoruz. ;41.04149884041315,28.95342290778467;Evet;;;;;;;;;;;;;;;;
126;Galata Kulesi;18.07.1885;Yaya;"İnsan gözü Galata kulesindekinden daha güzel bir manzara izleyemez. İstanbul, Galata, Beyoğlu ve Üsküdar, banliyölerdeki her köy ve kilometrelerce uzaktaki yerleşim yerleriyle Galata kulesinin çevreye hakim yüksekliğinden mükemmel bir şekilde görülebiliyor. Rehber burada İstanbul'un tüm ilginç binalarını gösterebilir; her günü çok yoğun geçen Kapalı Çarşı'nın geniş çatısı, çeşitli camiler, sultanların Beyoğlu'ndaki sarayları, boğazdaki imparatorluğa ait mermer kulübeler, Yerebatan sarnıcının doldurulmasında kullanılan eski Yunan su kemeri, eski şehir surları ve burada bahsedilemeyecek kadar çok sayıda ilginç yer. Haliç'in karşısındaki tepede Galata gözetleme kulesi camilerin ve Galata ile Beyoğlu'ndaki evlerin üzerinden gökyüzüne doğru yükseliyor. İstanbul ile Galata'yı bağlayan iki köprüde yoğun bir trafik görülüyor, Haliç boyunca uzun direkli gemiler dolaşıyor, vapurlar boğazda oraya buraya gidip geliyor, Amerikan kruvazörü Quinnebaug imparatorluk sarayının karşısında demirlemiş, Marmara denizi ile İzmit körfezinin mavi suları beyaz yelkenlerle nokta nokta oluyor veya vapurların dumanı havada uzun çizgiler bırakıyor. Hepsi birlikte hayal edilebilecek en güzel manzarayı oluştururken uzaktaki Asya tarafında kıyı boyunca uzanan tepeler ve daha yüksek dağlar son derece uygun bir arka fon oluşturuyor.
";41.02558348975498,28.974122775749546;Evet;;;;;;;;;;;;;;;;
127;Üsküdar;23.07.1885;Vapur;Rehberin saydığı ilginç yerlerin hepsini gezmeye vakit ayıramadığımdan aralarındaki en ilginci olduğu için Rufai dervişleri görmeyi seçiyorum. Bunun üzerine dervişler kendilerine özel ayinlerine başlamadan önce İngiliz mezarlığını ziyaret etmek için Perşembe günü öğleden sonra Üsküdar'a giden vapura biniyoruz. Sık çınar ağaçlarının altındaki hayrete düşüren genişlikteki bir araziye yayılan, İstanbul'un en büyük Müslüman mezarlıklarından birinin içinden geçiyoruz. O kadar kalabalık ve düzensiz ki en eski mezar taşları daha sonraki nesillere ve bunlarınkiler de yine sonradan gelenlere yer açmak için aşağıya da bir kenara itilmiş gibi duruyor. Müslüman mezarlığının kalabalık mezar taşlarının düzensizliği ile Kırım savaşı sırasında Üsküdar hastanesinde ölen İngiliz askerlerinin ve şimdilerde İstanbul'da yaşayan İngilizlerin ölülerini gömdüğü İngiliz Mezarlığı arasındaki karşılaştırma mutluluk veriyor.;41.03224493052769,29.031940052739493;Evet;;;;;;;;;;;;;;;;
128;Büyükada;26.07.1885;Yat;"İstanbulluların Pazar günleri ve tatillerde gittikleri deniz kenarındaki pek çok yerden daha önce bahsetmiştim. Tüm bu yerlerin arasında en güzeli İstanbul'dan 12 mil kadar uzakta, İzmit körfezinde yer alan Büyükada. Sultanın Tophane'deki dökümhanesini denetleyen bir İngiliz beyefendi ve ""Shelton's Mechanic's Guide"" kitabının da yazarı olan Shelton bey (Albay Shelton) boğazdaki en güzel buharlı yatın sahibi ve burada kaldığım 5 Pazarın 3'ünde bu beyefendi ve kusursuz eşi günü onlar-la birlikte Büyükada'da geçirmem için beni nazikçe davet ettiler… Büyükada yazın zengin İstanbulluların aileleri ve her gün şehirle ada arasında vapurla gidip gelen tanınmış işadamlarının kaldığı; Pazar günleri ise bir günlük kaçışın sunduğu sağlık ve keyif için akın eden kalabalıkların ziyaret ettiği şirin, dedikoducu bir adadır.";40.849779815311216,29.114903908827436;Evet;;;;;;;;;;;;;;;;
129;İzmit Körfezi;10.08.1885;Vapur;Otelim denize bakıyor ve karanlık olduktan saatler sonra birkaç kayık dolusu serenat yapan genç kasabanın önünde yavaş yavaş kürek çekiyor. Gecenin sessizliğinde verdikleri eğlenceli bir konserin rahatlatıcı etkisi suyun bilinen yumuşatıcı yönüyle artıyor ve kullandıkları fişekler ve mumlarla ortama ayrı bir zenginlik geliyor. Akşamın erken saatlerinde güzel yerleri benim kadar ilgiyle izleyen birkaç girişken yerliyle birlikte İzmit ve çevresindeki manzaraya şöyle bir bakarken durumun müthiş sevimliliğinden etkileniyorum. Şu an 13.000 kişinin yaşadığı kasaba eskiden Nicomedia adıyla anılırmış. Denize bakan yarım ay şeklinde inşa edilmiş ve pek çoğu beyaza boyanmış, yanları ve çatıları yeşillik içindeki, temelleri körfezin mavi sularıyla yıkanan evler yeşil tepelerin yamaçlarına yapılmış. Körfez burada 1,5 mile kadar daralıyor. Beyaz köyler karşı kıyıdaki yeşil dağ yamaçlarında beliriyor. Aralarında en bilineni birkaç yıl önce sanırım Robert Kolej'in devamı olan Amerikan misyoner okulunun kurulduğu bir Ermeni köyü olan Bahçelik. Hafif yamaçlı olsun kayalık olsun görünen arazinin her kilometresi yeşillik içinde ve körfezin suları dağlarla çevrili koylara özgü koyu mavi renkte. Beyaza boyanmış köyler akşam karanlığında öylesine şirin bir manzara oluşturuyor ki sanırım boğazdan sonra bu kadar güzel bir manzara görmedim. ;40.73909578640631,29.94202484555075;Evet;;;;;;;;;;;;;;;;
130;Sapanca ;11.08.1885;Bisiklet;"Sapancalıların temel uğraşı vakit öldürmek veya belki de bir şeyler yaşanmasını beklemek gibi görünüyor. Elma ve armut bahçeleri tamamen ihmal edilmiş bir görüntü içinde fundalıkların arasına dağılmış. Ağaçların çoğu yaşlı ve şu anki sahiplerinin layık olamadıkları girişimci dedeleri tarafından dikilmişler. Şimdikiler budama ve düzeltme gibi hiçbir işle uğraşmadan doğa kendi başına onlara lütfetmiş gibi bu nimetleri sadece kabul etmekle yetiniyorlar. Sık çalıların arasında oraya buraya dağılmış yosunlu mezar taşları görülebiliyor. Mezarlıklar ne çitle ne de kısa budanmış çalıyla korunuyor. Kısacası bu saldırgan, kısa bitki örtüsü Sapancalıların gücü için çok fazla görünüyor. Her yönden onların haklarını çalarken Banquo'nun hayaleti (Macbeth oyunundan) gibi utanma-dan kapı eşiklerine kadar peşlerini bırakmıyor. Vazgeçmeyeceğini anladığı için insanların bu yarışmadan çekildiği son derece açık. Yamaçların yukarılarında fundalıklar yerini dayanıklı ağaçlara bırakıyor ve etrafını kontrol edilemeyen yeşil bir orman duvarının çevirdiği küçük açık araziler beliriyor. Bu manzara Ohio ormanlarındaki açık arazileri hatırlatıyor. Sapanca minarelerinin tarihi görüntüsü, eski kayalık yol ve geride kalan yılların diğer kanıtları olmasa insan kendini soyumuzun beşiğinde değil de yeni bir ülkede sanabilir. 
Sapanca'da at arabası yolu sona eriyor ve yolum hiç karşılaşmadığım kadar berbat bir hal alıyor. Dağın yokuşunda selin alıp götürdüğü eski anayol hattının takip ettiği alçak bir dağ geçidinden geçiyorum. Sellerin yüzyıllarca bir yerden söküp diğer yere yığdığı taşlar artık Kansas fırtınalarının oyuncağı ve eğlencesi gibi görünüyor. Bu karmakarışık yığından geçmeye mecbur olan kervanlar ilk ticari faaliyetlerin doğuşundan beri bu geçidi kullandı ve yıldan yıla aynı yolu takip ettikleri için adım attıkları yerler ilkel bir merdivenin basamaklarına benzemeye başladı. Geçidin tepesinden yeşillik içindeki vadinin geniş bir görüntüsü izlenebiliyor. Sağda solda beyaz minareler yeşil denizdeki deniz fenerleri gibi yeşillik arazinin üzerinden yükselip çıkıyor. Köyler dağların alçak yamaçlarını belirtirken birkaç mil boyunca vadi genişliğinin yarısını kaplayan göl gün ortası güneşiyle parlıyor. Bu manzara bazı ülkelerde çok önceden tuval üzerinde veya şiirle ölümsüzleştirilirdi.
";40.68968318606327,30.261426573481952;Evet;;;;;;;;;;;;;;;;
131;Sakarya Vadisi;12.08.1885;Bisiklet;Sakarya vadisine çıkıyorum. Bazı yerlerde dağların arasında çok zor geçilecek kadar daralsa da bu vadede epey güzel yollar var. En dar noktalardan birinde dağlar neredeyse dimdik bir kaya haline alıyor ve Türklerin güneyden yapacağı bir işgal korkusuyla burada Yunanlılar tarafından 12. yüzyıl dolaylarında inşa edildiği sanılan eski bir kaya duvarın kalıntılar bulunuyor.;40.54015814548367,30.298798701044962;Evet;;;;;;;;;;;;;;;;
132;Geyve;12.08.1885;Bisiklet;Eski bir taş köprü üstünden Sakarya nehrini geçiyorum ve yarım saat sonra 7 mil kadar genişliğiyle üçgen şeklindeki bir vadinin ortasında bulunan büyük bir köy olan Geyve’ye geliyorum… Eski yan yoldaki geçidi, zirveden Sapanca vadisinin manzarasını ve de doğu tarafındaki küçük, şirin dereyi asla unutmayacağım. ;40.50863567493311,30.290263417572703;Evet;;;;;;;;;;;;;;;;
133;Karasu Geçidi;13.08.1885;Bisiklet;Bunlar önden gidip Kara Su geçidine giden yolu bana gösterme görevini üstlenirken bilgisi olmayan çoğunluk arkadan takip ediyor… Beni götürdükleri yol Anadolu'nun bu kısmında her yönden geçen eski taş yollardan biri. Bununla birlikte diğer karşılaştıklarım 1 metre genişliğinde ve Türklerden önce İstanbul ve çevresinde yerleşen daha girişken insanların askeri amaçlarla inşa ettikleri gayet açık. Dar taş patikalar buralardaki doğal zemin yağmurlu mevsimde geçilmez hale gelince orduların yürüyüşünü kolaylaştırmak için yapılmış. Bu taş yollar muhtemelen Bizans hakimiyeti sırasında yapılmış. Düzgün katır yolları bu terk edilmiş büyüklük ve güç kalıntısının yanında devam ediyor ve güneş yüzeyi kuruttuğu için bisikletime binip meraklı kalabalıktan uzaklaşıyorum ve 4 mil sonra Kara Su geçidinin yamaçlarına ulaşıyorum.;41.09562049947827,30.692370982431193;Evet;;;;;;;;;;;;;;;;
134;Taraklı;13.08.1885;Bisiklet;Taraklı'ya ulaşmamın üzerinden çok geçmeden bu insanların ara sıra okuduğum ama Asya topraklarında 3 gün geçirmeden karşılaşmaya hazır olmadığım bir başka özel ve bilinen yönüyle tanışıyorum. İnsanların bazıları gezginlerin ve misyonerlerin yanlarında taşıdığı ilaçlardan iyileştirici fayda gördüğü için Asyalılar buralardan geçen her Avrupalıyı hastalıkları iyileştirmede her çeşit mucizevi işi başarabilen birer doktor gibi görmeye başlamış… Taraklı'daki güzel evler Geyve'dekilerden daha fazla gibi görünüyor. Evler çoğunlukla iki katlı ve pencerelerle birlikte hiç eksik olmayan balkonlar kafesle çevrilmiş, böylece Osmanlı bayanları dışarıdaki dağınık mezar taşlarına yoldan geçenlerin keskin bakışlarına maruz kalmadan dalgın dalgın bakabiliyor. Yüzlerini örtme konusunda bu iç bölgelerdeki kadınlar yaşmak kavramına İstanbul ve çevresindeki hemcinsleri gibi cilveli bir kenara en ufak bir hoşgörü fikriyle bile yaklaşmaz. Görünüşe göre Taraklı bayanları yüz güzelliklerinin en ufak bir kısmını göstermekten korkuyor.;40.39657217142168,30.492120191911674;Evet;;;;;;;;;;;;;;;;
135;Göynük;14.08.1885;Bisiklet;Birkaç bin nüfuslu, üstü kapalı pazarı olan ve büyümekte olan bir kasaba görüntüsü veren Torbalı’ya (Göynük) geliyorum… Maalesef Torbalı’nın sokakları ve çevresi acınacak durumda. Bileğini burkmadan gitmek için çok dikkatli yürümek gerekiyor ve buralarda bisiklete binme fikri de çok saçma. ;40.40320707836649,30.785648027803372;Evet;;;;;;;;;;;;;;;;
136;Uluhan;14.08.1885;Bisiklet;Torbalı ile ertesi gün öğleden önce Ankara vilayeti sınırından geçtiğim Köstebek köyü (Uluhan) arasındaki tüm mesafe bisiklet binmek için kötü bir bölge. Ormanla kaplı dağlar, kayalık boğazlar ve dalgalı tepeler arazinin tipik özellikleri. Kıymetli tiftik ticaret malı olarak ihraç edilmeye başladığından beri taşımacılık yapan kervanların kayalık sırtlarda 1 metre derinliğinde siper gibi patikalar açtığı kayalık geçitler dağların tepesinden geçiyor. Daha az kayalık ve sarp tepelerin üzerinden önünüzdeki bölgenin geniş bir manzarası izlenebilir…  Ağaçlar şimdiki çıplak tepelerde tarım yapıldığı eski günlerde tarlalardaki ürünleri hırsızlıktan korumak için dikilmiş. Önceden tahıl öğütülen ortası çökmüş eski yel değirmenleri ve yıkılmış duvarlar tarım ve endüstri merkezlerinin Anadolu'da bugün olduğundan daha belirgin olduğu geçmiş dönemlerde kurulmuş köylerin yerlerini belirtiyor ve bu eski patikalardan geçenlerin gözünden kaçmıyor. Yalnız ve gruplar halindeki, yazısız mezar taşları veya dikdörtgen kayaların oluşturduğu yüksekliklerle belirtilen mezarlar genel çürüme tablosunu tamamlıyor. Bu işkence gibi yollarda ilerlerken bazen çıkan yumuşak deve yolları muhteşem bir sürüş keyfi sunuyor… ;40.32533725147688,31.10102961319813;Evet;;;;;;;;;;;;;;;;
137;Nallıhan;14.08.1885;Bisiklet;Köstebek’ten sonra yolum başka bir küçük vadiden geçiyor ve çok geçmeden kendimi Ankara vilayetinde buluyorum. Son derece muhteşem bir yoldan doğuya, Nallıhan’a doğru New England eyaletindeki gibi hızla ilerliyorum…  Benim düzeltilmiş at arabası yolu sandığım yolun Köstebek ile Ankara arasında yapılacak demiryolu güzergahı için ön düzeltme yapılmış alan olduğunu Nallıhan’da öğrendim. Bu vadi şimdiye kadar geçtiğimden tamamen farklı bir bölgenin kapısı gibi görünüyor. Bu sabahın ormanlık dağları ve çalılık yamaçlarının tersine çevredeki bütün dağlar bitki örtüsünden tamamıyla yoksun, ancak bu yüzden hoş olmayan bir durumları yok çünkü kendilerine özgü bir sevimlilikleri var. Yapılarında değişik renklerdeki kil ve kayalar yer alıyor. Devasa yüzleri mavi, yeşil, sarı ve kırmızı hatlarla bezenmiş. Dağın her yüzünü kaplayan bu renk renk kütleler Kocaeli'nin çamlı dağlarından daha ilginç, görkemli, muhteşem ve etkileyici bir sahne oluşturuyor. Bu dağların çoğu maden oluşumuna tanıklık ediyor ve Doğudaki birçok yer yoğun iş sahası oluyor. İstanbul'da konuştuğum, yıllarca burada yaşayan İngiliz bir maden uzmanı Anadolu'daki bu tepelerde dünyanın başka herhangi bir yerinde bulunandan daha fazla maden olduğu fikrini anlattı. Ayrıca maden çalışmalarının gelişmesiyle sağlanacak yararları Osmanlı devlet adamlarının ağır işleyen akıllarının anlaması için belli noktalarda sabırla bekleyen olağanüstü düzeydeki kaynaklarla ilgili planlar yapan insanları tanıdığından bahsetti.;40.188872270368606,31.35061151389594;Evet;;;;;;;;;;;;;;;;
138;Beypazarı;15.08.1885;Bisiklet;Sıcaklık neredeyse dayanılmaz hale geliyor. Ağaçsız, sığınaksız tepelerle dolu bölge çevremi kuşatmaya devam ediyor. Öğleden sonra saat 2'de Beypazarı kasabasına ulaşınca bugün kat ettiğim 39 milin bunaltıcı sıcağı düşününce bugünlük yettiğine karar verip kalacak bir han arıyorum. Güneşin yakıcı sıcağından korunurken aradığım sessiz, sakin yeri buluyorum. Beypazarı 8.000 nüfuslu bir yer ve han bir anda bana göre halkın yarısının toplandığı yer haline geliyor;40.168219632497625,31.9204352304128;Evet;;;;;;;;;;;;;;;;
139;Ayaş ;16.08.1885;Bisiklet;"Öğleden sonra geç saatlerde Ayaş’ın bulunduğu dağınık üzüm bağları ve iğde ağaçlarının arasındaki kanyon gibi bir vadiye iniyorum. Ayaş, Büyük İskender'in Frigya kralının koşumlarını çözen Gordion düğümünü kahramanca kestiği ünlü yer olma konusunda Korkuteli köyü ile tartışma içinde. Bugünlerde ilgi çekecek çok az yer olduğu için burası tarihi kalıntıları açısından tüm dünyaya tavsiye edilmesi gereken bir yer; sıradan Türk köylerini niteleyen karmakarışık, çok kötü evlerin olduğu şekilsiz bir köyden ibaret. ";40.01943065855073,32.332201438979475;Evet;;;;;;;;;;;;;;;;
140;Ankara;16.08.1885;Bisiklet;Beni Galatya’nın antik başkenti olduğu sanılan yere uzaktan çarpıcı bir görüntü veren dar, taşları kötü döşenmiş sokaklardan Ankara’nın kurulduğu yamaca götürüyorlar. ;39.93336280386522,32.85974334579788;Evet;;;;;;;;;;;;;;;;
141;Kızılırmak Üzerinde Yazıhan;20.08.1885;Bisiklet;Öğle saatlerinde Kızılırmak üzerinde daha büyük ama aynı oranda acınacak durumdaki Yazıhan'a ulaşıyorum. Nehrin batı kıyısında oldukça büyük bir yapının antik kalıntıları ve yolun karşı tarafında muhtemelen başka bir yere taşınma amacıyla bu kalıntılardan ayrılan gerçek boyutlarından çok daha büyük, yatar konumda bir aslan heykeli bulunuyor. Beyaz mermer bloğundan oyulmuş heykelin başı gitmiş, sanki müstakbel sahipleri hayvanın tamamını taşıyamayacağını anlayınca götürebildikleriyle yetinmeyi tercih etmiş. Eski ve tuhaf şekilde kemerli inşa edilmiş bir taş köprü, kayalık bir geçidin yakın yerinde nehrin üstünden geçiyor. İlkel bir değirmen sol tarafta geçide yakın yerde duruyor. Sürü halindeki develer de sağ tarafta susuzluğunu gideriyor veya suyun yakınında otluyor. Tüm bunlar çok sık görmenin mümkün olduğu diyarlarda bile her gün görülmeyen kesinlikle gerçek bir Doğu resmi çiziyor.;38.59575727809753,38.18007307894603;Evet;;;;;;;;;;;;;;;;
142;Deliceırmak;21.08.1885;Bisiklet;Yol Deliceırmak vadisine indiği yere kadarki birkaç milde zemin olarak çok düzgün ama engebeli devam ediyor. Burada ise anayol dünkü sıkışmamış haline dönüp bozuluyor. Eşek yolları sığ kum hendekleri gibi ve daha ziyade bir dağ köyünden diğerine giden patikalara dönüştüklerinden artık anayolla paralel gitmelerine güvenilmiyor. İyice anlatılan İzmit-Ankara kervan yolu Ankara'dan daha doğuya gelmiyor. Ankara vilayetteki ihraç edilecek malların ticaret ve limana taşınması için toplandığı merkez görevini görüyor. Deliceırmak vadisini bir kısmında tarım yapılıyor ve sık sık kalıcı yerleşimden uzaktaki karpuz tarlalarının arasından geçiliyor. Hasat mevsimi boyunca mallarını silah ve köpekle vicdansız yolculardan korumak isteyen köylülerin içinde yaşadığı geçici kulübeler ve yeraltı sığınakları, bu ayrı kalmış mülklerin her zamanki değişmez bir parçası durumunda;40.43122046765924,34.150735810537995;Evet;;;;;;;;;;;;;;;;
143;Yozgat;21.08.1885;Bisiklet;Ertesi sabah güneş doğarken tuz kervanlarının aşındırdığı yolda tuz ocağından doğuya, Yozgat'a doğru ilerliyorum. Yol bir süre çimenlerle kaplı etraftaki kürt kamplarının sürülerinin bulunduğu bir vadiye doğru iniyor. Vahşi çobanlar vadinin her tarafından dörtnala bana doğru geliyor… ve saat 5:00’te dağların arasındaki vadi denemeyecek bir çöküntüye yerleşen 30.000 nüfuslu Yozgat’a ulaşıyorum. ;39.8210491959471,34.808564913372614;Evet;;;;;;;;;;;;;;;;
144;Sivas;24.08.1885;Bisiklet;Sivas eskiden bir öğrenme merkeziydi. Eski Arap üniversitelerinin görkemli kapıları bazı ön kısımlarla birlikte halen ayakta duruyor. Araplar anlatan güzellik tasarımların bazıları geçmişteki ihtişamı açığa çıkarmak için zarar görmeden yeterince korunmuş. Kafkaslar‘dan gelen göçmenlerin çamur Kulübeleri şimdilerde bu saygı uyandıran kalıntıların iç kısımlarında yer alıyor. Eski püskü giysiler içindeki afacanlar eskiden paşa çocuklarının peygamberin söylemlerini öğrenmek için toplandıkları yerde köpekler ve buzağılarla oynuyor. Küçük, parlak mozaiklerle işlenen Arap eserlerinden geriye kalan ve bir zamanlar kubbenin görkemli tavanını oluşturan parçalar barınak için altına koyulan tezeklere şimdi hüzün ve kederle bakıyor… Sivas’ın doğusunda bisiklet sürüşü için uygun olan anayoldan ilerliyorum, ama burası Yanıkhan’dan sonrasına göre biraz daha kötü. Çok geçmeden tepeler, küçük vadiler ve göllerin bulunduğu, ilerisinde de yolun Kızılırmak vadisine indiği bir bölgeye giriyorum. Bütün gün boyunca yol Anadolu’da umduğumdan çok daha iyi devam ediyor, ancak buralarda hüküm süren doğu rüzgarı Yanıkhan’dan güneşin batışına yakın zamanda ulaştığım Zara’ya kadar yüzlerce milin her santiminde ilerleyişimin önüne yorucu bir engel olarak çıktı. ;39.75054261788361,37.01502466075327;Evet;;;;;;;;;;;;;;;;
145;Zara;26.08.1885;Bisiklet;Zara iki dağ sırasının arasındaki dar geçide kurulmuş ve yol tamamen düz, zemin de pürüzsüz olmasına rağmen rüzgâr boğazdan öylesine boğazdan bir basınçla geliyor ki bisikletin üzerinde ancak olağanüstü bir çabayla oturabiliyorum.;39.898441556718524,37.75723449735363;Evet;;;;;;;;;;;;;;;;
146;Kocakurt;-;Bisiklet;Bu huzur veren, mutlu görüntünün doğu tarafındaki uçlarda öğleden sonra ulaştığım ve mektup getirdiğim Mudura Gana'nın yaşadığı Kocakurt köyü var. Sanatsal açıdan konuşmak gerekirse Kocakurt yakın çevresi için tam bir rezalet. Toprak kulübeler inek ahırları, tavuk kümesleri ve insanların yaşadığı yerleri birleştiriyor. Yapılırken de hiçbir düzen gözetilmemiş, ancak hasat tarlalarından şarkıları gelen neşeli, düzgün giyimli insanlar bu ve bunun gibi zavallı durumdaki köylerde halinden memnun bir şekilde yaşıyor. ;39.16924618721017,37.24878567720967;Evet;;;;;;;;;;;;;;;;
147;Suşehri;-;Bisiklet;Tam önümde ve biraz aşağıda elma, ceviz ve iğde bahçeleri ile çevrili Suşehri uzanıyor. Burada halka açık bir handa kebap yiyerek doyurucu bir kahvaltı yapıyorum…  Bay Pronatti atına biniyor ve Erzincan’a giden doğru yolu göstermek için bir süre bana eşlik ediyor. Suşehri‘nden sonra yolum yüksek dağ sıraları arasındaki verimli, şirin bir vadiden geçiyor. Derelerin beslediği karışık sulama kanalları buğday tarlaları, üzüm bağları ve bahçeler için bolca su sağlıyor. Gördüğüm en iyi ve aynı zamanda en kötü sulanan vadi burası, çünkü hem sulama kanalları sayısız hem de pek çoğu taşıp yolumu çamur çukuru ve sığ havuzlara ;40.163154610933134,38.0914987484259;Evet;;;;;;;;;;;;;;;;
148;Erzincan Vadisi;-;Bisiklet;"Öğleden sonra kendimi yanlış patikada dolaşırken buluyorum. Buralarda başıma gelmesi çok doğal, çünkü Kuruçay vadisinden ayrıldığımdan beri Erzincan patikasını araziyi her yönden kesen sayısız patikadan ayırt etmek zorlaşıyordu. Bunun gibi bir yolculukta yollarla ilgili belli bir içgüdü kazanıyorsunuz gibi geliyor. Kesinlikle öyle ki bu günlerde asla yanlış patikaya girmedim. Şu anda da somut bir kanıt olmamasına rağmen yanlış yolda olduğumu içgüdüsel olarak hissediyorum. Deveyle geçen birkaç adam beni kaybettiğim Erzincan patikasına yönlendiriyor ve bir saat içinde Kelkit çayının bir kolunu takip ediyorum. Bu vadi boyunca her şey muhteşem derecede yeşil ve canlandırıcı geliyor. Sanki bir anda bambaşka bir ülkeye geçmiş gibiyim…  Erzincan ovasına doğru inişe geçiyorum. Yerliler arasında ""Fırat"" olarak bilinen Euphrates'i besleyen batıdaki kolunu birkaç mil boyunca takip ediyorum. Bu kol Kara Su olarak adlandırılıyor. Nehir ve izlediğim yol sarp yamaçlarında tarım yapılmayan, killi şist ve kayadan oluşan yüksek tepeler arasındaki dar, kayalık geçitten aşağı ilerliyor. Sanki lanetlenmiş gibi bölgedeki her şey siyah ve ıssız görünüyor… Erzincan vadisine çıkıyorum. Geçidin en alçak kesiminde biriken toprakta nehir muazzam derinlikte bir kanal açmış. Yüz metre mesafedeki kaya ve çakıllar muhtemelen şiddetli yağmurlar sırasında dağlardan taşınan minik parçacıklarla birbirine yapışmış. Büyük felaket dünya çapında bir sel yerine bazılarının inandığı gibi yerel bir olay olsa bile şu anda yavaş yavaş Ağrı dağına yaklaştığımız bu bölge hiç şüphesiz su altında kalmıştı. Taşlaşmış ağaç yığınları gibi görünen şeyler bu taş kütlesinin arasına dağılmış. Güneşin altında yeni hiçbir şey olmadığı söylenir, belki de unutkan kocası her zamanki gibi bildiğini yapmakta ısrar edip gerekenden 5 santim daha uzun kestiği için Nuh'un eşinin geminin mutfak penceresinden öfkeyle aşağı attığı soba odunlarıdır kim bilir. Artık bahçelerle çevrili köylerin arasındaki düzgün, aynı seviyede olan bir yolda ilerliyorum. Geçidin kayalık ve bitkisiz ortamından çıktıktan sonra tarım, huzur ve bolluk gelen bahçelerin yeşilliği arasındaki dağınık köyleriyle son derece etkileyici vadiyi istila etmiş görünüyor. Uygun arka planı en yüksek zirvelerinde halen kar kütleleri bulunan güneydeki oldukça yüksek dağ sıraları sunuyor.";39.2699610744707,38.49746015154984;Evet;;;;;;;;;;;;;;;;
149;Hasanbey, Erzurum;02.09.1885;Bisiklet;Bugün Anadolu'da geçirdiğim en sıcak gün ve karakoldan ayrıldıktan kısa süre sonra şimdi Trabzon ve Erzincan kervan yolunu takip ettiğim sonu gelmeyen dağlarla bir kez daha karşılaşıyorum. Yine dağlarda geceliyorum ve karanlık olduktan sonra ilerlemeye devam ediyorum. Biraz ileride bir öküz arabasının gıcırtısını duyduğumda yemek yemeden kamp yapmaya karar vermiştim. Az sonra ona yetişiyorum ve patikada yarım mil kadar takip ettikten sonra görkemli kapıları bulunan etrafı yüksek taş duvarla çevrili birkaç dönümlük bir arazinin önüne geliyorum. Trabzon kervanlarının kışın konaklaması için özel olarak yapılan birkaç yerden biri olan duvarla çevril Hasanbey köyüne ulaşıyorum. Burada yolcuların kalması için ayrılmış geniş bir odaya alınıyorum. Odada şimdiden dış görünüşüyle en kötü türden caniler olduğu düşünülebilecek üç yolcu var. Köylüler de içeri akın etmeye başlayınca kısa sürede her zamanki perişan kılıklı, pireli kalabalık etrafıma toplanıyor. Duvar küçük bir birliği silahlandırmaya yetecek kadar değişik silahlar ve savaş malzemesi var. Hepsi de üç yolcuya ait ve sade silahım kılıç, kama, tabanca ve tüfeklerin yanında hiç gibi kalıyor. ;39.943998891136914,42.462989403083405;Evet;;;;;;;;;;;;;;;;
150;Erzurum;03.09.1885;Bisiklet;Öğleyin Erzurum'a, daha doğrusu Trabzon kapısına ulaşıp bisikletten iniyorum. Erzurum hem askeri hem de ticari açıdan oldukça önemli bir şehir. Siperlerinden tüm bölgeyi kontrol eden büyük topların göründüğü toprak surlarla çevrilmiş. Çevreye hakim pek çok noktaya yapılan kaleler çoban köpekleri gibi şehri korumak için bekliyor. Birkaç mil güneydeki Palandöken dağlarında kar kütleleri görülüyor. Palandöken'in çıkıntısı konumundaki Deve Boynu zirvesi şehre doğudan bakıyor. Batı Fırat'ın geniş vadisi batı ve kuzey yönünde uzanırken kuzeyde başka bir dağ silsilesine dönüşüyor… Erzurum'da belli bir İran bölgesi bulunuyor. Türklerle İranlılar arasındaki tipik farkları öğrenmeden orada dolaşma sıkıntısına girmiyorum. Bir Türk bisiklete binerken görmek istediğinde doğrudan tatlı sözle kandırıp rahatsız etmeye başlıyor. Kandırma ve ısrarcı tavırlarını sadece çok nadir durumlarda sergileyemediler. Yeni dostlarımız İranlılarsa o kadar çocuksu ve dürüst değil. ;39.9054953020109,41.26584436705575;Evet;;;;;;;;;;;;;;;;
151;Kırkdeğirmenler,  Erzurum;05.09.1885;Bisiklet;"Misyonerler ve aileleri şu anda şehrin 5 mil güneyindeki Kırkdeğirmen olarak bilinen küçük bir derede çadır kurmuş. Cumartesi günü burada geçireceğim sürenin kalanında onlara misafir olmak için ısrarcı bir davet alıyorum. Erzurum misyoner okulu bay Chambers, şu an bir gezide olan erkek kardeşi, bunların aileleri ve bayan Powers tarafından temsil ediliyor. Yusuf Efendi yol boyunca hoplayıp zıplayan ihtişamlı Arap atıyla kampa kadar bize eşlik ediyor. Ben ve diğer misyonerler daha ciddi ve uysal hayvanlara biniyoruz. Kırkdeğirmen Palandöken dağlarındaki bir geçidin girişine yakın yerde bulunuyor. Yarım düzine kadar küçük çadır birkaç millik alanda görünen tek korunun gölgesine kurulmuş. Berrak suyun aktığı dans eden dere kampın su ihtiyacının yanı sıra çakıl taşıyla kaplı dere yatağından çıkan şırıl şırıl sesle müzik ihtiyacını da fazlasıyla karşılıyor. Küçük derenin bu kesiminde bölgeye Kırkdeğirmen adını veren efsanevi bir hikaye türemiş.""Bir zamanlar saygın bir dula bu dere üzerindeki kırk tane küçük değirmen miras kaldı. Kocasının ölümünden kısa süre sonra cana yakın özellikleri ve muhtemelen söz konusu kırk değirmeni yakındaki zengin bir sürü sahibinin dikkatini çekti ve adam dul kadınla evlenmek istedi. Belki dul kaldığı için akıllanan kadın, ""hayır,"" dedi, ""hayır, benim kırk oğlum var, her biri çalışıp bana bakıyor, bu yüzden kocaya ihtiyacım yok"". ""Kırk oğlunu öldürüp senin benimle evlenmek zorunda bırakacağım,"" karşılığını verdi reddedilince öfkelenen adam. Sonra gidip bütün sürünün tüylerini kırptı. O kadar çok yüz derenin önünü kapadı ve suyun diğer kanallara akmasına sebep oldu. Böylece dul kadının kırk değirmeni de işe yaramaz ve çalışamaz hale geldi. Önünde iflastan hiçbir şey olmadığı ve çıkar yolda bulamadığı için kadının kalbi sonunda yumuşadı ve adamın isteğine boyun eğdi. Yünler temizlendi, akıntı eski haline döndü ve kırk değirmenin neşeli pır pır sesi bundan böyle koyunların meleme seslerine karıştı."" Sakin misyoner kampında çok eğlenceli iki gün geçiriyorum. Sıkıcı sosyal koşulların çevrelediği çöl gibi ortamda adeta ev hayatını bulduğum vaha gibi geliyor. Birçok Amerikan gazetesini hevesle okuyup kampta üç tane olan bebekleri doyurmaya varana kadar her fırsattan istifade ediyorum. Erzurum'um rakımı 1800 ile 2000 metre arasında, yani Eylül geceleri serin geçiyor ve kana susamış sivrisineklerden eser yok. ";40.015939836008876,41.22487090853524;Evet;;;;;;;;;;;;;;;;
152;Pasinler;12.09.1885;Bisiklet;7 Eylül günü öğleden sonra saat 3'te kamptakilere elveda deyip Deve Boynu geçidine kadar bana atıyla eşlik eden bay Chambers ile birlikte yola çıkıyorum. Giderken bu sonbaharda Kafkaslara bir gezi yapmak istediğini, ama din adamı olduğu için St. Petersburg'dan özel bir izin alması gerektiğini ve bu konudaki zorluklar yüzünden bu fikirden şimdilik vazgeçtiğini söylüyor. Deve Boynu geçidi o kadar da yüksek olmayan bir dağ silsilesinden geçiyor… Geçitten sonra yolum geniş, işlenmiş Pasin suyu vadisine iniyor. Toprakla biraz zorlaşsa da yol çoğunlukla bisiklet sürmeye uygun. ;39.97718744837585,41.66807802187638;Evet;;;;;;;;;;;;;;;;
153;Hasankale;12.09.1885;Bisiklet;"Hasankale yolunun bir kısmında geçtiğim huzur bozan katırcılarla sorun yaşamamak için ince bir anlayış kullanmak zorunda kalıyorum. Yanlarından geçip gitmeye çalışırken içlerinden biri nedensiz yere sopasını tekerleğin arasına sokma ya çalışıyor. Onlara saldırmak için indiğimi sanınca arkadaşları da sopa ve kılıçlarını tehditkar bir tavırla sallayarak onun yardımına koşuyor. Desteklendiğini gören cesur saldırgan sopasını bana vurmak ister gibi kaldırıyor ve kesin bir tonla, ""bin, haydi!"" diye emir veriyor. Bu açıkça zarar verici takım etrafımı sarmışken tekrar binmeyi reddediyorum. Yaklaşık yirmi kişiler ve birinin canının yanacağına emin olduğum bir kavga çıkmasını engellemek için herkesin kendini çok iyi kontrol etmesi gerekiyor. Yine de sonunda istenmeyen arkadaşlıklarından kaçmayı başarıyorum ve taş yağmuru altında oradan ayrılıyorum. Bu olay bana Yusuf Efendinin uyarısını hatırlatıyor. Buraya kadar zaptiyesiz gelmeme rağmen sınıra yakın bölgedeki insanların daha kanun tanımaz yapıları yüzünden artık zaptiye korumasına ihtiyacım var. Hava kararırken surlarla çevrili bir kasaba olduğu zamanlardaki öneminin gölgesi altında kurulmuş büyük bir köy olan Hasankale'ye ulaşıp İran çay evinde kalacak yer arıyorum. İnce hazırlanmış veya lüks bir yer değil. Yalnızca genel bir odadaki ince çay bardakları ve ahırım üzerindeki kaba saba, mobilyasız bir odadan oluşuyor. Yiyecekleri başka bir yerden edinmek gerekiyor, ancak bir yerden alınabildikleri sürece çok da önemli değil. Akşam İranlı bir halk ozanı ile hikayeci çay evindeki devamlı müşterileri küfürlü şarkılar söyleyip tamburine benzeyen bir aygıt eşliğinde şarkı söyler gibi hikayeler anlatarak eğlendiriyor.";39.975174198042566,41.68332231452876;Evet;;;;;;;;;;;;;;;;
154;Köprüköy;13.09.1885;Bisiklet;Hasankale'den doğuya giden yolun ilk birkaç miliyle karşılaştırınca hiç gibi kalıyor, ama sonradan sürüş için çok iyi hale geliyor. Pasin Suyu vadisinden 12 mil sonra Ermeni köyü olan Köprüköy'e ulaşıyorum. Yola çıkmadan önce kahvaltı yaptığım için Pasin Suyu'yla kesiştiği yerde Aras nehrini 1000 yıllık olduğu söylenen ve Çobanköprü olarak bilinen eski taş köprü üzerinden geçerek mola vermeden devam ediyorum.;39.973601186264325,41.87311259304575;Evet;;;;;;;;;;;;;;;;
155;Mollaosman Köyü ;-;Bisiklet;Güneş batarken gece için kalacak bir yer aramadan önce yiyecek bir şeyler bulma amacıyla yoldan fazla uzak olmayan bir köye gidiyorum. Burası kürt köyü olan Mollaosman çıkıyor ve insanlar Delibaba'daki hemşerilerinden her açıdan öylesine üstün geliyorlar ki kararımdan vazgeçip ısrarlı davetlerini kabul ediyorum. Mollaosman sakinleri temiz ve rahat, daha iyi giyimli, hali vakti yerinde ve hem erkekler hem de kadınları uzun zamandan beri gördüğümden daha vakışıklı ve güzel. Neredeyse hepsinin belirgin derecede güzel dişleri ve hoş, gülen yüzleri var. Bunların yanı sıra bir şekilde rahat ve hoş tavırlar geliştirmeyi başarmış görünüyorlar. Bütün değişikliğin altında yatan sır sanırım kıraç tepelerin konuk sevmez toprakları yerine Malazgirt ovasının verimli topraklarını işliyorlar ve İran kervan yolunun üzerinde oldukları için kışın geçen kervanların buğday ihtiyacını karşıladıkları hazır bir pazar buluyorlar. Şeyhleri yakışıklı ve iyi niyetli bir adam. Akşamı benimle birlikte bisikleti, tabancayı, alet çantasını ve deri çantamı inceleyerek geçirirken işlemeli fildişi tablasından bana da sigara ikram ediyor. Ne deri ne de Smith&Wesson'u dışardan inançlı görüntülerine rağmen dün geceki kötü insanlara göstermem için epey ikna çalışması yapmak gerekirdi Mollaosman'daki insanlar arasında derin iç çekişler veya gösterişsiz dualar yok, ama yüzlerinde ve tavırlarında çok açık bir güvenilirlik taşıyorlar. Bu zengin köylüler arasında dinden çok daha fazla şakacılık var gibi görünüyor. Bu durum da gelişimini görünürde herhangi bir eksiklik olmamasına borçlu… Mollaosman’dan sabah soğuğunda ayrılıyorum ve doğuya doğru muhteşem bir yolda birkaç mil ilerliyorum. ;39.8910882442701,43.064745738825195;Evet;;;;;;;;;;;;;;;;
156;Dağlıca;-;Bisiklet;Türkler ve İranlıların yaşadığı Dağlıca köyüne ulaşıyorum. İranlının işlettiği bir dükkandan biraz ekmek, yağ, çay ve tatlı yerine de bir avuç kuru üzüm alıyorum. Çay hazırlamak için ateş yakmayla birlikte bu yiyecekler için İranlı 2 kuruş talep ediyor. Bunun üzerine alçakça alışverişin ilgili izleyicisi olan Türkler tanımadığı bir yabancıdan para koparmaya çalıştığı için İranlıya babası yanmış birinin oğlu diye seslenip anlamadığım daha bir sürü şekilde sanki çok büyük bir miktar söz konusuymuş gibi küfretmeye başlıyorlar. Dağlıca'nın ilerisinde Ağrı dağı tekrar gözüküyor. Hemen çevredeki arazi nehirlerle yarılmış ve iri taşlarla kaplı bir plato.;39.52250782497899,42.93519989803052;Evet;;;;;;;;;;;;;;;;
157;Diyadin;-;Bisiklet;Ertesi sabah rüzgar Ağrı'nın karlı yamaçlarından soğuk ve keskin eserken mavi burunları, isteksiz yüz ifadeleriyle, titreyen, yarı çıplak zavallılar sırtlarını kamburlaştırıp iyice içlerine büzülerek son derece mahzun yüzlerle tarla ve otlaklara doğru gidiyor. Kışın ne yaptıklarını doğal olarak merak ediyorum. Çevredeki özgür köylüler ağaçsız, dağlık bölgedeki keyifsiz kışlar boyunca endişelenerek yeterince zor zamanlar geçiriyor, ama en azından kendi kişisel ve ailevi gereksinimleri dışında boyun eğmek zorunda oldukları bir otorite yok. Bu yüzden günlerini havalandırılmayan evlerindeki için için yanan tezek ateşinin başında birbirine sokulup sarılarak geçiriyorlar. Halbuki bu insanlar kendilerini manastırdaki öküzlerden daha fazla düşünmeyen birkaç hilekår, kötü niyetli papazın köleliği altında çaresiz budalalar gibi yaşıyor. Bisiklet sürmeye son derece elverişli 11 millik bir yoldan büyük bir köy olan Diyadin'a ulaşıyorum. Diyadin haritamda önemli bir yer olarak işaretlenmiş. ;39.540103296545894,43.67730453256899;Evet;;;;;;;;;;;;;;;;
158;Aras Ovası;-;Bisiklet;Bu geçitten sonra Aras ovasına inip sadece birkaç mil ileride gibi görünen Ağrı Dağı'nın devasa kütlesinin tekrar önümde yükseldiğini görüyorum. Aslında yaklaşık 20 mil uzakta, ama dağla aramızda düz ovadan başka bir şey olmadığı için mesafe aldatıcı oluyor. Kuzeydeki artık tanıdık gelen siyah kürt çadırları dışında yerleşim yeri görünmüyor. Bisikletle ilerlerken her şeyi gölgede bırakan ve dehşete düşüren bir varlıkla yalnız olduğum hissine kapılıyorum. İnsanın dikkati engellenemez bir şekilde karla kaplı dağa yöneliyor, sanki değişmez cazibe kanunu uyarınca daha küçük şeyleri kendisine çekiyormuş gibi görünüyor ve çevredeki bütün nesneler onun yanında önemsiz boyutlarda algılanıyor. Pek çok zirve gibi yükseltinin önemli kısmını oluşturan bir dağ sırasının omuzlarında değil de düzlüğün ortasında dimdik yükseldiği Aras ovasından bakınca Ağrı dağının 5280 metrelik yüksekliği daha iyi anlaşılıyor. Birkaç mil doğusunda ise kar bulunmayan koni şeklindeki 3900 metrelik bağımsız zirvesiyle çevredeki dağlardan ayrı ve belirgin olan Küçük Ağrı dağı bulunuyor. Büyük kardeşinin yakınlığı ve cüssesi yüzünden tamamen küçük görünüp onun gölgesinde kalıyor. Aras ovasında birkaç mil boyunca lav akıntısının geçtiği ve tarım yapılmayan bir kısım var. Sayısız devenin süngersi, yayvan ayakları bisiklet sürmeyi İngiltere'deki gibi bir hale getiren yollar oluşturmuş. Sadece hayvanların bazen karşısına çıkan ve yüzyıllardır düzenli olarak üzerinden geçtikleri lav kütleleri dar yolu sık sık kapatarak inmeye zorluyor. Ağrı'nın bir zamanlar volkan olduğu apaçık, şimdilerde en sıcak yaz havasında bile kış görüntüsü sunan yüksek zirvesi zamanında çevresindeki bu bölgeyi yakan korkunç alevler çıkarıp bitişikteki tepeleri katmanlar halinde oluşturarak Aras ovasına bir sel gibi yayılan erimiş lavlar püskürttü. Ağrının batı tarafına bitişik olan katmanlar halindeki tepeler var. Tepelerin katmanları İran kervan patikasından açıkça ayırt ediliyor ve eğer eğimleri takip edilirse Ağrı'nın zirvesine kadar uzandıkları görülüyor. Bu da katmanların, dağın eski volkanik akıntılarını simgelediğini gösteriyor. ;39.683209939843366,43.50500231854228;-;;;;;;;;;;;;;;;;
159;Khoy Şehri;-;Bisiklet;"İslam dininin Şii mezhebini temsil eden İranlılar kendilerini dünyadaki en dindar insanlar olarak görüyor. Hatta Sünni olduğu için küçümsedikleri Türklerden bile daha dindar olduklarına inanıyorlar. Kur'an sarhoş eden içkiler konusunda kesin yasaklar getiriyor, ancak İran soylularının belli bir kısmı bu rakıdan günlük olarak 1 litreye yakın içiyor. Niye daha ölçülü kullanmadıkları sorulduğunda, ""sarhoş olup kendini mutlu hissetmedikçe rakı içmenin ne anlamı var,"" yanıtını veriyorlar. Bu parlak fikri takip ederek pek çoğu her gece düzenli olarak ""sarhoş ve mutlu"" oluyor… Khoi yaklaşık 50.000 kişinin yaşadığı bir şehir ve bu kadar insan içinde tek kelime İngilizce bilen yok. Toplanan yün şapkalı İranlıların kalabalığına kervansarayın balkonundan bakıp anlaşılmaz bir dilden başka bir şey duymayınca “ah ne kadar acı! Koskoca şehirde” dizeleri aklıma geliyor. Ziyaret ettiklerim arasında kendi dilimden birkaç kelime konuşabilen insan bulunmayan ilk büyük şehir burası oluyor. ";38.54545530297937,44.95903126160611;-;;;;;;;;;;;;;;;;
160;Urmia Gölü;-;Bisiklet;Ooroomiah gölü Utah'taki Salt Lake'in (Tuz Gölü) büyüklüğüne yakındır ve suları o kadar tuzludur ki yüzeyine uzanıp sakin, rahat bir şekilde uykuya dalabilir. En azından Tebriz'de bana kendisinin denediğini anlatan bir misyoner öyle söyledi. Sonuçta misyonerlerin de insan olduğu ve bu beyefendinin de aslında Batıda bir yerden geldiği gerçeğini göz önüne alınca durumun biraz abartıldığını düşünmek yanlış olmaz. Eğer bunu önceden duymuş olsaydım kesinlikle gölün üzerinde uyuma deneyini yapmak için yolumdan çıkıp oraya kadar giderdim… Ooroomiah gölünün mavi, parlak suları yüzlerce mil ilerideki belli belirsiz görünen dağların güney kıyısını oluşturduğu yere kadar güneye doğru uzanıyor. Fazla uzağa gitmeden kayalık adacıkların çentikli ve portrelik şekilleri sıvı aynanın gök mavisi yüzeyinde birden yükseliyor. Suyun yüzeyi en küçük bir dalgayla değişmiyor veya üzerinde tek bir canlı ya da cansız nesne görünmüyor. Sahilde güneşin altında parlayan beyaz, kalın bir tuz tabakası oluşmuş. Kıyıdaki toprak, kum ve koyu kırmızı renkte kilin karışımından meydana geliyor. Böylece doğanın taklit edilemeyen elinden mavi, beyaz ve kırmızı renge boyanmış dikkat çekici bir kıyı hattı çıkıyor. Sarp, gri dağ sıraları birkaç mil ileride kıyıyla paralel gidiyor. Berrak dereler yüksekteki dağ yamaçlarında bulunan kaynaklardan çakıl taşıyla dolu yatakları boyunca göle doğru fokurdayarak geliyor. İğde ve çınar ağaçları arasına saklanmış köyler derelerin kayalık girişlerinde kurulmuş. Meyve bahçeleri ve üzüm bağlarıysa ovaya dağılmış. Kasvetli çamur duvarların arasına hapsedilmişler, ama meyve dolu dallar özgürlük için mücadele eden canlılar gibi onları hapseden duvarların dışına uzanırken bağlardaki güzel asmalar ince çatlaklardan yolunu bulup insanların çirkin yapılarını doğanın yardımsever eliyle örtmek istercesine duvarın üzerinden sarkıyor. Hepsinin üzerinde de bulutsuz İran semaları kemer gibi uzanıyor. Bu portrelik bölgenin yollarında kurbanlarını arayan son derece ısrarcı ve hırçın bir sinek türü var. Kurt sineği gibi vızıltısı ve vahşi Batının yeşilbaşlı at sineğinin iki katı büyüklüğüyle birinin hızını ve çabukluğunu diğerinin yırtıcı ve ısrarcı yönüyle kendi bünyesinde bir araya getiriyor. Fakat yukarıda bahsettiğim türlerin ikisiyle birlikte Batı dünyasında bilinen böcek türlerinin sahip olmadığı iyi bir özelliği daha var. Bu iki türün sinekleri sevgi dolu bir şekilde birinin burnuna konduğu zaman ve bu kişi çektiği acıyla vücudunun bu çaresiz ve zararsız kısmına sertçe vurduğunda genelde sineğin zarar görmediğini biliyoruz, çünkü sinek zarar verilecek kadar uzun süre orada durmaz. Fakat Ooroomiah gölü sineği nispeten daha saf bir böcek ve konduğu kişi ona vurana kadar olduğu yerde kalıyor. Bu çok iyi özelliği sebebiyle sineklerden zarar gören dünyanın çok farklı yerlerindeki insanların en derin övgülerini iletiyorum. Bahçeden köylerine eşeklerle meyve ve badem götüren köylülerle karşılaştığımda göl, ova ve dağın enginliğine alacakaranlık çöküyor. Onlara eşlik edip geceyi onlarla geçirmem için samimi şekilde davet ediyorlar. Kuzeye doğru biraz uzaktaki duvarla çevrili bahçelerin bulunduğu geniş bir bölgeye doğru gidiyorlar… Ooroomiah gölünden doğuya doğru 75 mil boyunca uzanıyor. İran’ın her yerinde görülen yaygın bitkisiz, çorak ve sağda solda küçük vahalar gibi ortaya çıkan tarla ve bahçelerin yer aldığı buraya özgü manzarayı sunuyor. ;37.48323146195431,45.41869169532742;-;;;;;;;;;;;;;;;;
161;Tebriz;-;Bisiklet;"Tebriz'e yaklaştıkça araziden bazıları çok büyük boyutlardaki karışık sulama kanallarından oluşan bir ağın geçtiği görülüyor. Yolun her iki tarafındaki toprak setler bir atlıyı gizleyecek kadar yüksek. Bu yapılar tepelerin kendileri kadar eski, çünkü Tebriz ovası 3000 yıldan beri değişmeyen bir sistem olarak kaldı. Sanki Medler ve İranlıların antik kanunları gibi bunlar da değişmez yapılmış… Ertesi sabah Tebriz’e yolculuğum sürerken hevesli köylüler beni ve bisikleti köprüsüz bir derenin karşısına taşıyarak geçiriyor. Kum ve toprakla biraz derin olsa da yol düzgün ve bisiklet sürülebiliyor. Bir saat içinde şehrin kenar kısımlarında sokaklarından zorla geçiyorum. Bu 8 millik yol boyunca Tebriz pazarına en seçkin meyvelerden dikenli çalı demetleri ve yakıt için tezek çuvallarına kadar her türlü malı getiren en az beş yüz eşek geçmişimdir. Dünyada ""Hayvanlara Şiddeti Engelleme Örgütü""nün yardımına Tebriz'in yakıt ihtiyacını karşılayan zavallı bin eşekten daha acil ihtiyaç duyan hayvan yoktur. Gaddar sahipleri bu sabırlı hayvanların acıklı güçlüklerine tamamen duyarsız ve ilgisiz görünüyor… Bugün Perşembe ve aslında burada iki gün kalmak istememe rağmen bu planı yollarda kabataslak yapmamdan kaynaklanan değişiklik, akşam yemeği için ördek kızartma, sabah kendi odamda kahvaltı ve Pazar günü yolculuk yapmamaya karşı uyarılarla Amerikan misyonerlerinden gelen yemek davetleri birleşince burada Pazartesi'ye kadar kalmaya karar vermem için yeterli gerekçe çıkıyor. Ayrıca Tahran'a iyi bir zamanda varacak olma ihtimali de beni memnun ediyor. Şu anda Tahran'a olan mesafe 400 milin altında ve bu mesafenin büyük kısmında İran'da şimdiye dek karşılaştığımdan daha iyi yollar olacağının güvencesine ek olarak güzergâh 20-25 kilometrelik mesafelerle postanelerin olduğu düzenli bir posta yolu olacak. Cuma gecesi Tebriz iki küçük deprem sarsıntısı atlattı… Tebriz'in su ihtiyacı bu tepelerdeki kaynaklar veya yeraltı kanallarıyla karşılanıyor. 15 metre aşağı inince lezzetli soğuk suyun aktığı küçük, hızlı bir dere bulunuyor ve susamış yolcunun çabasını fazlasıyla ödüllendiriyor. Bazen bu kocaman delikler basamakları yapılmış eğimli, tuğladan inşa edilen kemerli geçitler oluyor. Bu yeraltı suyollarının istikameti daima tüm yolları boyunca yüzeye kısa aralıklarla yığılan kumlar sayesinde takip edilebiliyor. Her bir yığın, tabanında şehre giden berrak suyun görülebildiği dik eksenlerin kazı yerlerini simgeliyor. Tek fonksiyonları ise kanalları kolayca temizlemek için inecek kişilerin kullandığı geçitler olmaları. Buharlaşmayla oluşacak kaybı ve yüzeydeki kanallarda yaşanacak emilmeyi engellemek için su yeraltı kanallarıyla götürülüyor. Bu kanallar birçok yerde çok geniş alanları kaplıyor. Ovada gözün görebildiği kadar millerce uzanan veya uzaktaki dağ sıralarının arasında kaybolup giden yüzeydeki yığınların uzun sıraları görülebiliyor. Kanallar Pers imparatorluğunun zengin zamanlarında dağ kaynaklarını şehir çeşmelerine getirmek ve susuz ovayı sulamak için kazılmış. Şimdilerde İranlılar bu kanalları kendi çıkarları için bozulmaktan koruyor.";38.07919105215316,46.28866970314619;-;;;;;;;;;;;;;;;;
162;Türkmençay;-;Bisiklet;"Güneş batarken 1828 yılında imzalanan anlaşmayla İran'ın Kafkaslardaki topraklarını Rusya'ya bıraktığı Barış Anlaşmasının imzalandığı büyük bir köy olan Türkmençayı’na ulaşıyorum. İranlıların Hazar denizini kullanma haklarını ellerinden aldıktan sonra Rus Çarının İran Şahına bir yat hediye ederek kaderin cilvesiyle ilgili güzel bir ders verdiği anlatılıyor. Kervansaraya kadar bir yerlinin rehberliğinde gitmek isterken kervana gitmek istediğimi sanan bu sivri zekalı adam köyün diğer ucuna kadar zorlu dar sokaklardan geçip beni yamaçlarda kamp kuran bir çay kervanına götürüyor. Kervancılar beni her zamanki ilkel şartların bulunduğu at hanına yönlendiriyor. Köyden yumurta, çay ve şeker getirten çayevinin sahibi ve seyisler yıpranmış bir semaver çıkarıyor ve yumurtaları kızarttıktan sonra çayımı hazırlıyor. İkisi de fakir, peri-şan kılıklı adamlar, ama yine de kaygısız, halinden memnun görünüyorlar. Kaynayan semaverin sesi yarı medeni bu insanlarda sıcakkanlı bir tepki uyandırıyor ve liman meyhanesindeki denizciler veya bira içen Almanlar kadar doğal bir şekilde ince bardaklardaki şekerli çaylarla şarkılar söyleyip neşeleniyorlar. Dışardan şakacı, kaygısız adamlar gibi görünmelerine rağmen sahtekarlık konusunda buradaki diğer insanlardan farklı değiller. Bana getirdiklerinin iki katı malzemeyi almaya yetecek kadar para vermeme ve ayrılma-dan önce küçük bir hediye sözüme rağmen sabahleyin yumurtanın kalanını pişirmek için daha fazla yağ gerekiyormuş gibi davranarak fazladan para almaya çalışıyorlar. Bunlar üzerinde durmaya değmeyecek kadar basit meseleler, ancak İran ve Türkiye’deki köylü sınıfın arasında bulunan büyük farkı göstermesi açısından önemlidir. Buradaki at hanları genellikle çok sayıda at, seyisler ve bekçinin kalacağı yerlere ayrılmış. İran’da en hızlı yolculuk yapma yöntemi durduğunuz her at hanında atlarınızı değiştirip onların yerine dinç atlar almaktır. Türkmençayı’nın doğusundaki bölge öğle vaktine kadar yolculuğu ilginç bir katkıda bulunmayacak kaba, sıradan yükseltilerden oluşuyor. 

";37.58037395600713,47.39209605411351;-;;;;;;;;;;;;;;;;
163;Miana;-;Bisiklet;"25 kilometre kadar gidip ulaştığım Miana köyü İran'da evlerin topraklarında yaşayan ve uyurken insanları ısıran bir çeşit zehirli yılanla ünlüdür. Isırığın uzun süreli korkunç bir ateşe ve hatta ölüm tehlikesine yol açtığı söyleniyor. Yolcuları geceyi Miana'da geçirme konusunda uyarmak gelenek olmuş ve elbette beni de unutmuyorlar. İddia edilen bu korkunç şeylerin çoğu gibi yakından incelenince insanların hayalperest zihinlerinde büyüttükleri bir korkudan ötesi olmadığı anlaşılıyor. Sanırım ""Miana öcüsü çok daha uygun bir isim olurdu. Buradaki insanlar korumasız bir Avrupalıyı gürültülü ve kavgacı bir şekilde karşılıyor. Pazaryerinden telgraf kontrol noktasına doğru güçlükle ilerlerken gizlice fırlatılan kavun kabukları ve diğer kötü şeylerin hedefi oluyorum. Bunlardan tek kurtuluş yoluysa kontrol noktasının dostane sığınağı oluyor… Miana'dan doğuya doğru yola çıkarken iki prens ve bir han benimle birlikte at sürüyor. Elburz geçidine yaklaşan yamaçlara kadar bana eşlik edip iyi yolculuklar diledikten sonra atlarıyla tekrar evlerine doğru dönüyorlar. Geçide ulaşınca karşıma aşırı derecede dik ve bir o kadar da zorlu bir yol çıkıyor. Fakat yüzey oldukça düzgün ve zirveye doğru eski zamanlardan kalma taştan yapılmış bir geçit çıktığı için Anadolu'daki birkaç dağ geçidiyle kıyaslanınca geçmek oldukça kolay oluyor. Geçidin zirvesinde beni yeni ve keyif veren bir deneyim bekliyor. Batıya doğru uzanan manzara benim için tamamen yeni bir deneyim olan ve sürekli değiştiği söylenebilen dağ manzarasını açığa çıkarıyor. Yeryüzünün üzerine yükselip kendimi sürekli değişen bir güzelliğin manzarasından şeffaf, semavi derinliklere bakıyormuş gibi hissediyorum. Bulunduğum yerin çok aşağısındaki vadinin üzerinde tüylü bulutlar yeryüzünde sürekli değişen gölgelerle portrelik bir manzara oluşturarak miskin miskin süzülüyor. Masmavi derinliklerde inişli çıkışlı gri yamaçlar, yeşilliklerin arasındaki dereler ve mavi kubbeli camileri, zümrüt yeşili bahçeleriyle Miana muhteşem bir manzara oluşturuyor.";37.42843589994027,47.7057701818403;-;;;;;;;;;;;;;;;;
164;Zencan;-;Bisiklet;Kürt kampından beri 58 mili geride bıraktım ve saat 3’te Zendjan camilerinin mavi kubbeleri görünüyor. Bu mavi kiremitli kubbeler tuğlalardan inşa edilen ve Türkiye'deki gibi yüksek minareleri olmayan İran camilerinin tipik bir özelliği. İbadet çağrıları ise bir duvar veya çatının üzerinden yapılıyor. Şehrin kapısına yaklaşırken yarı delirmiş bir adam beni bisikletin üzerinde görünce çılgınca heyecanlanıyor ve bana doğru koşup direksiyonu tutuyor. Ben koltuktan kalkınca da hızla kaçıyor. Takip etmediğimi görünce yeniden cesaretini toplayıp utangaç bir şekilde yaklaşıyor ve binerken tekrar görmek için yalvarıyor. Zendjan bakır eşyaların üretimiyle ünlüdür ve işçiler bakırcılarda çalışırken rat-a-tat-tat sesleri kapının tam 1 mil dışından duyuluyor. Bu dükkanların olduğu yerlerden geçerken bazen çekiç sesleri sağır edici boyutlara çıkıyor ve ilerleyişim beni takip eden sessizlik dalgası olarak adlandırılabilecek olayla belli oluyor. Ben yaklaşırken gürültü kesiliyor ve geçtikten sonra yenilenmiş bir gayretle tekrar başlıyor… Zendjan’dan doğuya doğru yol gittikçe iyileşiyor ve birkaç mil sonra da Asya’da karşılaştığım en güzel sürüş keyfini sağlıyor. Bölge soldaki dağ sırası ile sağdaki daha alçak tepeler arasında çakıllı bir düzlükten oluşuyor. ;36.68300743201519,48.50872747647376;-;;;;;;;;;;;;;;;;
165;Sultaniye İran;-;Bisiklet;Öğleye doğru eskiden İran hükümdarlarının gözde kır evi olan Sultaneh'ten geçiyorum. Güz mevsiminde geniş, çayırlık ovada Şah süvarilerinin manevra yeteneklerini izlerken eğlenmiş ve Sultaneh'te birkaç ay süren kamp bu birliğin karargahı haline dönüştürülmüş. Şahın sarayı ve artık hızla çürüyen büyük bir cami köye girmeden birkaç mil önce görülebiliyor. Şah ve sarayındakilerin varlığı sıradan köylülerin üzerinde incelik kazandıran veya medenileştiren bir etki bırakmamış gibi görünüyor. Yoksa Sultaneh gözde bir mekan olma özelliğini yitirdiğinden beri barbarlığa doğru üzücü biçimde gerilemişler. Acınacak haldeki köylerinden bisikletle geçen yalnız bir Avrupalı görünce bunu İslam'ın küçük düşmemesi için saldırgan bir şeyler yapma fırsatı gibi görüyorlar. Taş ve toprak parçaları yağdırarak ortamı ilginç ve hareketli yapmaya çalışan çıplak bacaklı, yuhalayan zavallılar beni kovalıyor… Sultaneh'in doğusundaki köylerin hemen hemen hepsi tarımsal köyden ziyade kale görüntüsü veren yüksek bir toprak duvarla çevrilmiş. Bunun asıl amacı ise şüphesiz kendilerini göçebe aşiretlerden korumak ve İranlılar bir şeyleri değiştirmeyi nadiren düşündükleri için de gelenek halen sürdürülüyor. Artık yol kenarında ara sıra çalılar görülüyor ve her dalda bir parça bez rüzgarla hafifçe dalgalanıyor. Harap olmuş bir cami veya sultanın sarayı gibi saygı duydukları bir yere yaklaşırken giysilerinden koparıp onu yol kenarındaki bir çalıya bağlamak İran köylüleri arasında halen sürdürülen çok eski bir gelenektir. Bunun işlerinde iyi şans getirdiğine inanıyorlar ve çalılar gerçekten batıl inançlı köylülerin rengarenk adaklarıyla kaplanıyor. Yakınlarda çalı bulunmadığı zamanlarda ise küçük taş yığınları aynı inancın belirtisi oluyor. Herkesçe bilinen yığına yaklaştığı her seferde köylü bir taş alıp onu yığına ekliyor. Yola geç çıkmam ve etkili rüzgar yüzünden geceyi geçirmek üzere Heeya'daki bir at hanına ulaştığımda sadece 46 mil yol kat etmiş oluyorum. Eğer yol iyi devam ederse burası ile Kasveen arasındaki 60 mili yarın geçeceğime söz veriyorum.;36.4339912495934,48.79464388959361;-;;;;;;;;;;;;;;;;
166;Kazvin;29.09.1885;Bisiklet;Kasveen'e yaklaşırken ova oldukça genişliyor ve tamamen düzleşiyor. Görünürdeki mesafeler aldatıcı olurken uzaktaki nesneler ise garip, hayali şekiller gibi geliyor. Güzel seraplar cazibesini farklı yönlerden gösteriyor. Köylerin kasvetli duvarları gümüş renkteki göllerin ayna gibi yüzeyleri üzerinde yükselen surlu kalelerin görüntüsünü sunuyor. Bahçeler ve korular da toprağın üzerinde hareketsiz duran gölgeli, tanımlanamayan nesneler gibi geliyor. Bulanık mesafelerde görünürden kaybolan uzun, düz telgraf direkleri havada boşlukta kalmış gibi duruyor. At, deve ve bunlar gibi hareket eden bir milden uzaktaki nesneler yeryüzünün birkaç metre üzerinde yürüyen hayvanların görsel aldatmacasını sunuyor. Yeraltı kanallarının yerini belirten tümseklerin uzun sıraları köylerden uzaktaki dağ sıralarına gidiyor. Daha önce bahsedilen eğimli yokuşlardan birine su içmek için indiğimde oldukça düz ovada yavaş akmakta olan suyun içinde yaşayan balıkları görünce şaşırıyorum. Belki de Kentucky'deki mamut mağarasında bulunanlar gibi gözsüz bir balık türüdür, yine de aşağı inen deliklerden hafifçe pırıldayan bir ışık alıyorlar. Yabani güvercin sürüleri de bu yeraltı suyollarında bolca yaşıyor ve köylüler bazen ağlar kullanarak yüzlercesini yakalıyor. Kasveen'e ulaşmadan önce 3 millik gevşek kum ve taştan oluşan zorlu yolu aşmak gerekiyor. Yine de söz verdiğim 60 mili geçiyorum ve öğleden sonra saat 2'de şehrin kapısından giriyorum. Birçok dar, dolambaçlı ara sokakta güçlükle ilerledikten sonra geniş, düzgün bir caddeye açılan iç kapıya çıkıyorum. Buradan sonra kısa bir sürüş beni içinde gümrük binaları ve tuğladan inşa edilen büyük bir kervansarayın bulunduğu etrafı çevrili alana getiriyor. Burada bir başka prens karşıma gümrük memuru olarak çıkıyor. Beni bisiklete binerken görme isteğini hemen yerine getiriyorum, ancak Iran Prensi unvanının artık zihnimde büyüklük ve itibarla bir ilişkisi kalmıyor. İran'daki prensler İtalya'daki kontlar veya Almanya'daki baronlar kadar çok, ama Doğunun saray halkıyla ilgili ihtişamlı hayallerden sonra prensleri telgraf kontrol noktasında 40 dolar maaşla çalışırken veya küçük bir gümrüğün sıradan işleriyle ilgilenirken görmek insanı şok ediyor. Tahran ile Hazar denizindeki Esht limanı arasındaki yolun tam ortasında olması ve Kuzey İran'la Avrupa arasındaki gezi ve ticaret yolu üzerinde olması bakımından Kasveen önemli bir yer. Önemini artıran bir başka özellik de başkentten gelen geniş, düzgün yolun bittiği yer olması. Burası Tahran'dan gelen yolcuların veya posta arabalarının Hazar denizine giden yoldaki Elburz dağlarında bulunan kayalık geçitlerden geçiş için tekerlekli araçlardan atlara aktarıldığı yer oluyor. ;36.2795070127141,50.004565838744824;-;;;;;;;;;;;;;;;;
168;Tahran;-;Bisiklet;"Bir İran şehrinin pazarı, camileri, evleri, kenar bahçeleri ile başka bir şehrin aynı özellikleri arasında birinin tanımı diğerinin de tanımı yerine geçiyor demeyi haklı çıkarmaya yetecek kadar benzerlik var. Fakat Şahın ve saray halkının varlığı, Doğulu kraliyet ailesinin görkemi ve yaşam koşulları, yabancı elçilikler, askerler, Avrupa'dan getirilen yenilikler, mevcut hükümdarın sarayları, eski kralların saray ve anıtları hep birlikte Tahran'ı eyalet şehirlerinin korkutucu aynılığından belirgin şekilde daha yüksek bir konuma çıkarıyor. Şehirde her gün acele etmeden gezmeyi alışkanlık edinmiş biri birkaç günde bir tesadüfen Şahı görecektir. Bu açıdan Şah ile camiye giderken veya olağanüstü durumlar haricinde saraydan çıkmayan Türkiye'deki Sultan arasında önemli bir fark var… İran hiç şüphesiz dünyadaki din adamlarınca yönetilen en kötü ülke. Mollalar hükümdardan en alt tabakaya kadar herke-si ve her şeyi en ufak gelişmeye imkan bırakmayacak şekilde etkiliyor. Dışarıdan müdahale engellendikçe de insanların şu anki güç ve etkilerini ellerinden almaya yetecek derecede güce sahip bir hükümdar gelene kadar İran bu perişan halinden kurtulamayacaktır. O zaman da tamamen kurtulmayı sağlamak için toplu kıyım gibi bir olay ancak işe yarayacaktır. Kendi vatandaşlarıyla birlikteyken ""Şahların Şahı"", ""Dünyanın Koruyucusu"" gibi unvanlarla itibarını tehlikeye atmayan Nasreddin Şah, Avrupa turu sırasında onun büyüklüğünü düşünerek kendinden geçmeyen davranışlarıyla Avrupalıların demokratik özgürlüğünü kendisine yakışan müsaadeyle tanıyarak deneyimlerinden faydalanmış… Tahran'a yakın zamanda getirilen yenilikler arasında gaz ve elektrik ışığı gösterilebilir. Eğer sadece bu cümleyi söyleyip öylece bıraksam aldatıcı bir izlenim bırakmış olurum. Bu gibi şeylerin burada bulunduğu gerçeğine rağmen şehrin tamamının yararlanması fikriyle yapılan gelişmeler yerine şahın Avrupa'da gördüğü bazı ilginç ve yeni şeyleri kendi etrafına toplama isteğinin yerine getirildiği oyuncaklar olarak nitelemek daha uygun bir ifade olur. Aslında şahın kişisel memnuniyeti ve yüce görüntüsü haricinde İran'a yeni veya faydalı hiçbir şeyin getirilmediğini söylemek abartı sayılmaz. Bu yüzden Avrupa'dan gelen bazı yenilikler Tahran'da görülebiliyor, ama İran'ın başka hiçbir yerinde görünmüyorlar. Top meydanından saraya giden iki sıra, sarayın doğu tarafındaki iki sıra ve meydanda da bir düzine kadar lambayı aydınlatmaya yetecek gaz üretiliyor. Gaz çok düşük kalitede ve lambalar ay ışığı olmayan bir akşamda saat 9.30'a kadar ortalığı aynı sayıda mum kadar aydınlatıp çok zayıf yanıyor. Zaten bu saatte de söndürülüyorlar. Daha sonrasında sokağa çıkan İranlılar tutuklanıp cezalandırılıyor… Kasım'da ve Aralık'ın ilk bölümünde Tahran'da hava genelde iyi ve kısa mesafeli sürüşler için uygun devam ediyor. Fakat önümdeki uzun mesafeyi ve malzeme temin etmedeki durumun belirsizliğini aklımda tutup alıştırmalarımı yürüyerek yapmayı ve lastiklerimi Pasifik okyanusuna kadar devam edecek yolculuktaki zorluklara saklamayı daha uygun buluyorum. İran başkentinde süzülecek yeşil patikalar veya dolaşacak zümrüt renginde çayırlar bulunmuyor. Yeşillikler olsa da bunlar ancak kışın ilk aylarında görülebiliyor. Türü ne olursa olsun herhangi bir yeşil bitkinin sulamaya bağlı olarak varlığı ve kavurucu yaz aylarında bir şekilde hayatta kalması bile birdenbire bastırıp şaşırtan kırağıya kadar bitkilerin varlığını sürdürmesini sağlıyor. Aslan ve Güneş'in ülkesinde hiçbir çayır veya kadife yeşillik yok. Bitki olup kanal veya derenin suyuyla hayata gelir gelmez çölün çıplak, gri yüzeyi sıcaklığıyla bitkinin yaşamasına izin vermez… Tahran ile Elburz dağlarının yamaçları arasındaki taşlı ovada oraya buraya dağılmış ve gölgeli caddeleriyle çeşmeleri arasında dolaşarak hoş bir saatin geçirilebileceği İran şartlarında güzel sayılan bahçeler yer alıyor. Bu bahçeler sadece çöl toprağından kurtarılıp sulama suyu sağlanmış ve yüksek bir toprak duvarla çevrilmiş parçalar. İçlerinde zarif çınarların gölgesindeki taş döşenmiş yollar geçiyor. Bahçelere incir, nar, badem ve şeftali ağaçlarıyla asmalar ve kavunlar dikiliyor. Bunlar Tahran marketindeki meyve satışıyla gelir elde eden zengin Tahranlıların malları. Şehrin surları arasındaki geniş alan bu sığınak yerlerinden birkaç tane içeriyor. Bazıları belki önceki kralların gözde yaz mekanı ve arazisi olduğu için fazladan bir de tarihi cazibeye sahiptir. Böyle bir tanesi şehrin kuzeydoğu kısmında yer alıyor ve içinde Nasreddin'in dedesi Fatteh-ali şahın gözde yaz sarayı bulunuyor… Tahran çarşısının Şahın kış sarayının hemen arkasındaki bu kısmı hemen her gün Avrupalılarca ziyaret ediliyor ve onların varlığına alışan yerlilerin dikkatini çok az çekiyor. Fakat sık sık duyduğuma göre Avrupalılar güney veya daha ziyade yerlilere ait bölgelerde hakarete uğramadan dolaşamıyor. Araştırmaya karar verip bir öğleden sonra daha önce defalarca geçtiğim saray duvarının doğu tarafından çarşıya girip yalnız başıma dolaşmaya çıktım… İstanbul'daki dünyaca ünlü Kapalı Çarşı ile karşılaştırılmasa da Tahran çarşısı son derece büyük. İran'daki geziler ve insanlarla ilişkilerim konusunda hep iyi olduğumu sanıyordum. Fakat çarşının kötü kısımlarına gittikten birkaç gün sonra İran'da cenaze törenine katılmak için bugüne kadar hiç gitmediğim bir bölgeye doğru cenaze taşıyanları takip ediyorum ve belki de hiç görmediğim 1 mil boyunca dükkanların arasından geçiyorlar. Cenaze taşıyanları daha fakir yerlilerin yaşadığı karanlık geçitler ve dar ara sokaklar boyunca izliyorum. Benimle birlikte cenazenin peşinden gidenlere rağmen defin işleminden önce cenazenin yıkandığı eve kadar giriyorum, ama burada resmi görevli mollalar yanlış anlaşılma ihtimali bulunmayan bir öfke gösterip ben varken iş yapmaya karşı çıkınca geri çekilmek zorunda kalıyorum. Tahran fakir bölgesi aynı toprak evler ve harabelerden oluşuyor. Sokaklar dar geçitlerden meydana geliyor. Kemerli çarşıdan dışarı çıktığımda güneş neredeyse batmak üzere ve sarayın balkonlarındaki müzisyenler bir başka günün bitişini antik İran davulları ve borularının yüksek sesli ezgileriyle gösteriyor. Bu müzisyenler 15. yüzyıl soytarılarının giysileri gibi muhteşem kırmızı üniformalar giyiyor ve her günbatımında bu balkonlara çıkıp bir saat boyunca doğaüstü bir müzik çalıyor… Tam da ibadet saati ve her yerde özel olarak serilmiş örtülerin üzerinde diz çöküp başlarını defalarca yere koyarak Mekke yönünde eğiliyorlar. İkinci müzisyenlerin kapısından geçip topçu meydanına bir tarafta borazanlar diğer tarafta silahşorlar sıralandığında olayı görmek için tam vaktinde ulaşıyorum. Bu modern borazancılar çalmak için ilerlerken diğer taraftaki silahşorlar silahlarını gösteriyor ve sonra bu yeni çalgıcılarla balkonlardan gelen müzik karışıyor ve ancak bir grup vahşi file hitap edecek ortak bir çaba çıkıyor. Gürültücü borazanlar durunca etraftaki sıradan sesler tam bir sessizlik gibi geliyor ve bu derin sessizliğin içinde şehrin farklı yerlerinden gelen oldukça yüksek ""Al-lah-il-Al-lah"" sesleri duyuluyor. Adamlar camilerin çatıları ve soyluların duvarları ve evlerinin üzerine çıkıyor. Şahın müezzini diğer hepsinin arasında duyulabiliyor. Güneş henüz yeni battı ve yüksek kışla duvarlarının üzerinden bakan Demavend dağının karlı zirvesini görebiliyorum. Bazen güneş batarken olduğu gibi belirgin bir pembe renge bürünüyor. Batıya doğru dönünce bunun nedeni anlaşılıyor, çünkü batı yönünde tüm gökyüzü harika bir günbatımıyla parlıyor. Öyle bir manzara ki ufuk kan kırmızısı renge boyanmış ve semaya kor gibi bir sıcaklık yayılıyor… Belirlenen sabah saat 8'de şehrin kuzeyindeki Gulaek kapısında buluşuyoruz. Kuzeydoğudaki karlı dağlardan soğuk bir rüzgar esiyor ve biz de yürüyüşümüze batıya doğru başlamaya karar veriyoruz. Surların zikzaklı şeklini takip ederek önce biraz kaba ve taşlı olduğunu görüyoruz. Sağ tarafımızdaki derin, geniş hendeğe bakıyoruz ve gözlerimiz daha ileride eğimli ovanın üzerindeki yeraltı kanallarına ait düzgün sıralanmış tümseklerin arka plandaki tepelere kadar uzanışını takip ediyor. 8 mil uzakta ise gökyüzüne doğru yükselen karlı Elburz silsilesi var. 40 mil arkamızda da Demavend dağının koni biçimli zirvesi sanki onu aşağıdaki dünyadan tamamen soyutluyormuş gibi yan taraflarında hareketsiz biçimde yığılan beyaz kar bulutlarının üzerinden bize bakıyor. Sol tarafımızda toprak duvarlar, düz çatılı evler ve kavak bahçeleri tuhaf şekilde bir arada bulunuyor. İçinden bakınca camilerin minare ve kubbelerinin, şahın Enderun okulunun aydınlatılmış kulelerinin, altında yılda bir kez ""Hüseyin ve Hasan"" trajedisinin oynandığı çadır tiyatronun dev gibi kubbesinin iskeleti ve kapkara duman çıkaran uzun tophane bacasının göründüğü ince bir duman tabakası sokakların hemen üzerini kaplıyor. Güneye doğru epey uzakta, şehir sınırlarının dışındaki Şah Abdullah camisinin saf altınla kaplandığı söylenen kubbesi sabah güneşiyle ayna gibi parlıyor. İlerlerken İngiliz elçiliği topraklarının içini görebiliyoruz. Gölgeli caddelerin bulunduğu muhteşem bir bahçe, asfalt yollar ve ağaç gövdelerinin yarısına kadar sarılan koyu yeşil İngiliz sarmaşıkları dikkatimizi çekiyor. Kare şeklinde saat kulesi ve tarihi bir malikaneyi andıran bir bina “Tahran’daki en güzel arazi”ye memleket görüntüsü veriyor… Öğrenebildiğim kadarıyla tarihte ilk kez bir Avrupalı Tahran surlarının etrafında yürüyor. Övünülecek bir yanı yok, çünkü sadece birkaç millik tempolu yürüyüş ve görülecek yeni bir şey de yok. Şehrin dışındaki bölge nadiren karşılaşılan bir tarla ve yakındaki köylerin bahçeleri haricinde bitkisiz, düz bir ovadan meydana geliyor. Tahran'ın belli bölgelerinde Mecusiler yani ateşe tapan birkaç tane aile yaşıyor. Eski Pers dininin bu son temsilcileri yanan alevleri sürekli besliyor ve sönmesine de asla izin vermiyor. Bu insanlar ülkelerini silip süpüren İslam dini karşısında kendi inançlarını sürdürebilmeleri ve diğer her şeyi sadık şekilde reddederek tüm olaylara rağmen kendi eski inançlarına sarılmaları açısından ilginç. İran'da ""sessizlik kuleleri"" ve eski alev tapınakları dışında günümüzde dinlerine ait çok az kanıt bulunuyor. Bu tapınaklar genellikle yumuşak kerpiç tuğlalardan inşa edilmiş ve yüzlerce yılın sonunda artık geçmişin şekilsiz hatıraları olmaktan öteye gidemiyor. Tahran'ın birkaç mil güneyindeki ıssız, kimselerin geçmediği bir noktada Mecusilerin ölülerini yok ettikleri ""sessizlik kulesi"" yer alıyor. Kulenin tepesinde zemini demir parmaklık olan bir çeşit balkon var. Ölüler karga ve akbabalar vücudu tamamen yiyene kadar bunun üzerine koyuluyor. Sonra kuru kemikler kuledeki ortak bir kabın içine koyuluyor. İran'daki Mecusi grupları bugünlerde sürekli yanan ateşlerini yakamayacak kadar parasız veya duyarsız. Eski refah günlerde gece gündüz yakılan Zoroaster ateşi tamamen söndürülmüş ve bu eski ibadet şeklinin hayatta kalanları da toplam İran nüfusunun içinde çok küçük bir grubu meydana getiriyor.";35.72186454791816,51.334722855967826;-;;;;;;;;;;;;;;;;
167A169:G169;Dowshan Tappeh;01.10.1885;Bisiklet;"Peşimde olan saray görevlileri bisikletle Tahran'a geldiğim haberini alır almaz şaha ulaştırmış. Gelişimin yedinci gününde saraydan bir görevli şahın adına bana geliyor ve ertesi sabah 8'de beni ""şahların şahı ve kralların kralı” ile görüşeceğim saraya götürmek üzere gönderilecek askerleri takip ederek kendisiyle birlikte Doshan tepedeki yaz sarayına kadar gitmemi rica ediyor. ""Evet, elbette orada olmaktan ve Majestelerine Avrupa'dan gelen en son mucizeyi, muhteşem demir atı tanıtma vazifesini üstlenmekten son derece mutlu olacağım,"" yanıtını veriyorum ve görevli Fransız kibarlığıyla beni selamladıktan sonra ayrılıyor… Şahın gelmesini bekleyeceğimiz Doshan Tepe kapısına doğru ilerliyorum. Doshan Tepeden sonra yaklaşık 4 millik oldukça güzel bir yol kraliyet ailesine ait saraylara ve bahçelere çıkıyor. Majesteleri bu sabah Doshan Tepe'nin ilerisindeki dağlara atış yapmak için gidiyor ve benim de grupla birlikte birkaç mil sürmemi, böylece bisikletle yolculuk yapmanın nasıl bir şey olduğunu görmesi için güzel bir fırsat vermemi istiyor. Yavaş hareket eden şah beni ve büyük bir hizmetli grubunu kapıda tam bir saat bekletiyor. Kalabalığı arasında şahın baş avcısı da bulunuyor. Avcı beni bisiklete binerken görünce dengede durmanın nasıl mümkün olduğunu anlayamadığından, ""ah muhteşem İngiliz,"" diye bağırıyor. Yaşlı avcının şaşkınlık sözlerini duyan herkes gülümsüyor ve şaka yoluyla gelecekte avlanma işini bisiklete binerek yapması gerektiğini tavsiye edip tekrar bisiklete binerek seleden ateş etmenin mümkün olduğunu direksiyonu tutmadan ilerleyerek gösterince atlılardan oluşan sevinçli kalabalık yürekten kahkahalar atıyor ve bazıları da ""bravo, bravo"" diye bağırıyor. Şahın arabası geldiği için herkes attan inip başını yere kadar eğiyor. Araba durup da şah beni ve tercümanı yanına çağırana kadar da öyle kalıyorlar. İki İngiliz arkadaşım bana şahtan ayrıldıktan sonra katılmayı planlayarak geri döndüğü için gruptaki tek Avrupalı benim.";35.69048250046941,51.533853687710454;-;;;;;;;;;;;;;;;;
;;;;;;;;;;;;;;;;;;;;;;
;;;;;;;;;;;;;;;;;;;;;;
;;;;;;;;;;;;;;;;;;;;;;
;;;;;;;;;;;;;;;;;;;;;;
;;;;;;;;;;;;;;;;;;;;;;
;;;;;;;;;;;;;;;;;;;;;;
;;;;;;;;;;;;;;;;;;;;;;
;;;;;;;;;;;;;;;;;;;;;;
;;;;;;;;;;;;;;;;;;;;;;
;;;;;;;;;;;;;;;;;;;;;;
;;;;;;;;;;;;;;;;;;;;;;
;;;;;;;;;;;;;;;;;;;;;;
;;;;;;;;;;;;;;;;;;;;;;
;;;;;;;;;;;;;;;;;;;;;;
;;;;;;;;;;;;;;;;;;;;;;
;;;;;;;;;;;;;;;;;;;;;;
;;;;;;;;;;;;;;;;;;;;;;
;;;;;;;;;;;;;;;;;;;;;;
;;;;;;;;;;;;;;;;;;;;;;
;;;;;;;;;;;;;;;;;;;;;;
;;;;;;;;;;;;;;;;;;;;;;
;;;;;;;;;;;;;;;;;;;;;;
;;;;;;;;;;;;;;;;;;;;;;
;;;;;;;;;;;;;;;;;;;;;;
;;;;;;;;;;;;;;;;;;;;;;
;;;;;;;;;;;;;;;;;;;;;;
;;;;;;;;;;;;;;;;;;;;;;
;;;;;;;;;;;;;;;;;;;;;;
;;;;;;;;;;;;;;;;;;;;;;
;;;;;;;;;;;;;;;;;;;;;;
;;;;;;;;;;;;;;;;;;;;;;
;;;;;;;;;;;;;;;;;;;;;;
;;;;;;;;;;;;;;;;;;;;;;
;;;;;;;;;;;;;;;;;;;;;;
;;;;;;;;;;;;;;;;;;;;;;
;;;;;;;;;;;;;;;;;;;;;;
;;;;;;;;;;;;;;;;;;;;;;
;;;;;;;;;;;;;;;;;;;;;;
;;;;;;;;;;;;;;;;;;;;;;
;;;;;;;;;;;;;;;;;;;;;;
;;;;;;;;;;;;;;;;;;;;;;
;;;;;;;;;;;;;;;;;;;;;;
;;;;;;;;;;;;;;;;;;;;;;
;;;;;;;;;;;;;;;;;;;;;;
;;;;;;;;;;;;;;;;;;;;;;
;;;;;;;;;;;;;;;;;;;;;;
;;;;;;;;;;;;;;;;;;;;;;
;;;;;;;;;;;;;;;;;;;;;;
;;;;;;;;;;;;;;;;;;;;;;
;;;;;;;;;;;;;;;;;;;;;;
;;;;;;;;;;;;;;;;;;;;;;
;;;;;;;;;;;;;;;;;;;;;;
;;;;;;;;;;;;;;;;;;;;;;
;;;;;;;;;;;;;;;;;;;;;;
;;;;;;;;;;;;;;;;;;;;;;
;;;;;;;;;;;;;;;;;;;;;;
;;;;;;;;;;;;;;;;;;;;;;
;;;;;;;;;;;;;;;;;;;;;;
;;;;;;;;;;;;;;;;;;;;;;
;;;;;;;;;;;;;;;;;;;;;;
;;;;;;;;;;;;;;;;;;;;;;
;;;;;;;;;;;;;;;;;;;;;;
;;;;;;;;;;;;;;;;;;;;;;
;;;;;;;;;;;;;;;;;;;;;;
;;;;;;;;;;;;;;;;;;;;;;
;;;;;;;;;;;;;;;;;;;;;;
;;;;;;;;;;;;;;;;;;;;;;
;;;;;;;;;;;;;;;;;;;;;;
;;;;;;;;;;;;;;;;;;;;;;
;;;;;;;;;;;;;;;;;;;;;;
;;;;;;;;;;;;;;;;;;;;;;
;;;;;;;;;;;;;;;;;;;;;;
;;;;;;;;;;;;;;;;;;;;;;
;;;;;;;;;;;;;;;;;;;;;;
;;;;;;;;;;;;;;;;;;;;;;
;;;;;;;;;;;;;;;;;;;;;;
;;;;;;;;;;;;;;;;;;;;;;
;;;;;;;;;;;;;;;;;;;;;;
;;;;;;;;;;;;;;;;;;;;;;
;;;;;;;;;;;;;;;;;;;;;;
;;;;;;;;;;;;;;;;;;;;;;
;;;;;;;;;;;;;;;;;;;;;;
;;;;;;;;;;;;;;;;;;;;;;
;;;;;;;;;;;;;;;;;;;;;;
;;;;;;;;;;;;;;;;;;;;;;
;;;;;;;;;;;;;;;;;;;;;;
;;;;;;;;;;;;;;;;;;;;;;
;;;;;;;;;;;;;;;;;;;;;;
;;;;;;;;;;;;;;;;;;;;;;
;;;;;;;;;;;;;;;;;;;;;;
;;;;;;;;;;;;;;;;;;;;;;
;;;;;;;;;;;;;;;;;;;;;;
;;;;;;;;;;;;;;;;;;;;;;
;;;;;;;;;;;;;;;;;;;;;;
;;;;;;;;;;;;;;;;;;;;;;
;;;;;;;;;;;;;;;;;;;;;;
;;;;;;;;;;;;;;;;;;;;;;
;;;;;;;;;;;;;;;;;;;;;;
;;;;;;;;;;;;;;;;;;;;;;
;;;;;;;;;;;;;;;;;;;;;;
;;;;;;;;;;;;;;;;;;;;;;
;;;;;;;;;;;;;;;;;;;;;;
;;;;;;;;;;;;;;;;;;;;;;
;;;;;;;;;;;;;;;;;;;;;;
;;;;;;;;;;;;;;;;;;;;;;
;;;;;;;;;;;;;;;;;;;;;;
;;;;;;;;;;;;;;;;;;;;;;
;;;;;;;;;;;;;;;;;;;;;;
;;;;;;;;;;;;;;;;;;;;;;
;;;;;;;;;;;;;;;;;;;;;;
;;;;;;;;;;;;;;;;;;;;;;
;;;;;;;;;;;;;;;;;;;;;;
;;;;;;;;;;;;;;;;;;;;;;
;;;;;;;;;;;;;;;;;;;;;;
;;;;;;;;;;;;;;;;;;;;;;
;;;;;;;;;;;;;;;;;;;;;;
;;;;;;;;;;;;;;;;;;;;;;
;;;;;;;;;;;;;;;;;;;;;;
;;;;;;;;;;;;;;;;;;;;;;
;;;;;;;;;;;;;;;;;;;;;;
;;;;;;;;;;;;;;;;;;;;;;
;;;;;;;;;;;;;;;;;;;;;;
;;;;;;;;;;;;;;;;;;;;;;
;;;;;;;;;;;;;;;;;;;;;;
;;;;;;;;;;;;;;;;;;;;;;
;;;;;;;;;;;;;;;;;;;;;;
;;;;;;;;;;;;;;;;;;;;;;
;;;;;;;;;;;;;;;;;;;;;;
;;;;;;;;;;;;;;;;;;;;;;
;;;;;;;;;;;;;;;;;;;;;;
;;;;;;;;;;;;;;;;;;;;;;
;;;;;;;;;;;;;;;;;;;;;;
;;;;;;;;;;;;;;;;;;;;;;
;;;;;;;;;;;;;;;;;;;;;;
;;;;;;;;;;;;;;;;;;;;;;
;;;;;;;;;;;;;;;;;;;;;;
;;;;;;;;;;;;;;;;;;;;;;
;;;;;;;;;;;;;;;;;;;;;;
;;;;;;;;;;;;;;;;;;;;;;
;;;;;;;;;;;;;;;;;;;;;;
;;;;;;;;;;;;;;;;;;;;;;
;;;;;;;;;;;;;;;;;;;;;;
;;;;;;;;;;;;;;;;;;;;;;
;;;;;;;;;;;;;;;;;;;;;;
;;;;;;;;;;;;;;;;;;;;;;
;;;;;;;;;;;;;;;;;;;;;;
;;;;;;;;;;;;;;;;;;;;;;
;;;;;;;;;;;;;;;;;;;;;;
;;;;;;;;;;;;;;;;;;;;;;
;;;;;;;;;;;;;;;;;;;;;;
;;;;;;;;;;;;;;;;;;;;;;
;;;;;;;;;;;;;;;;;;;;;;
;;;;;;;;;;;;;;;;;;;;;;
;;;;;;;;;;;;;;;;;;;;;;
;;;;;;;;;;;;;;;;;;;;;;
;;;;;;;;;;;;;;;;;;;;;;
;;;;;;;;;;;;;;;;;;;;;;
;;;;;;;;;;;;;;;;;;;;;;
;;;;;;;;;;;;;;;;;;;;;;
;;;;;;;;;;;;;;;;;;;;;;
;;;;;;;;;;;;;;;;;;;;;;
;;;;;;;;;;;;;;;;;;;;;;
;;;;;;;;;;;;;;;;;;;;;;
;;;;;;;;;;;;;;;;;;;;;;
;;;;;;;;;;;;;;;;;;;;;;
;;;;;;;;;;;;;;;;;;;;;;
;;;;;;;;;;;;;;;;;;;;;;
;;;;;;;;;;;;;;;;;;;;;;
;;;;;;;;;;;;;;;;;;;;;;
;;;;;;;;;;;;;;;;;;;;;;
;;;;;;;;;;;;;;;;;;;;;;
;;;;;;;;;;;;;;;;;;;;;;
;;;;;;;;;;;;;;;;;;;;;;
;;;;;;;;;;;;;;;;;;;;;;
;;;;;;;;;;;;;;;;;;;;;;
;;;;;;;;;;;;;;;;;;;;;;
;;;;;;;;;;;;;;;;;;;;;;
;;;;;;;;;;;;;;;;;;;;;;
;;;;;;;;;;;;;;;;;;;;;;
;;;;;;;;;;;;;;;;;;;;;;
;;;;;;;;;;;;;;;;;;;;;;
;;;;;;;;;;;;;;;;;;;;;;
;;;;;;;;;;;;;;;;;;;;;;
;;;;;;;;;;;;;;;;;;;;;;
;;;;;;;;;;;;;;;;;;;;;;
;;;;;;;;;;;;;;;;;;;;;;
;;;;;;;;;;;;;;;;;;;;;;
;;;;;;;;;;;;;;;;;;;;;;
;;;;;;;;;;;;;;;;;;;;;;
;;;;;;;;;;;;;;;;;;;;;;
;;;;;;;;;;;;;;;;;;;;;;
;;;;;;;;;;;;;;;;;;;;;;
;;;;;;;;;;;;;;;;;;;;;;
;;;;;;;;;;;;;;;;;;;;;;
;;;;;;;;;;;;;;;;;;;;;;
;;;;;;;;;;;;;;;;;;;;;;
;;;;;;;;;;;;;;;;;;;;;;
;;;;;;;;;;;;;;;;;;;;;;
;;;;;;;;;;;;;;;;;;;;;;
;;;;;;;;;;;;;;;;;;;;;;
;;;;;;;;;;;;;;;;;;;;;;
;;;;;;;;;;;;;;;;;;;;;;
;;;;;;;;;;;;;;;;;;;;;;
;;;;;;;;;;;;;;;;;;;;;;
;;;;;;;;;;;;;;;;;;;;;;
;;;;;;;;;;;;;;;;;;;;;;
;;;;;;;;;;;;;;;;;;;;;;
;;;;;;;;;;;;;;;;;;;;;;
;;;;;;;;;;;;;;;;;;;;;;
;;;;;;;;;;;;;;;;;;;;;;
;;;;;;;;;;;;;;;;;;;;;;
;;;;;;;;;;;;;;;;;;;;;;
;;;;;;;;;;;;;;;;;;;;;;
;;;;;;;;;;;;;;;;;;;;;;
;;;;;;;;;;;;;;;;;;;;;;
;;;;;;;;;;;;;;;;;;;;;;
;;;;;;;;;;;;;;;;;;;;;;
;;;;;;;;;;;;;;;;;;;;;;
;;;;;;;;;;;;;;;;;;;;;;
;;;;;;;;;;;;;;;;;;;;;;
;;;;;;;;;;;;;;;;;;;;;;
;;;;;;;;;;;;;;;;;;;;;;
;;;;;;;;;;;;;;;;;;;;;;
;;;;;;;;;;;;;;;;;;;;;;
;;;;;;;;;;;;;;;;;;;;;;
;;;;;;;;;;;;;;;;;;;;;;
;;;;;;;;;;;;;;;;;;;;;;
;;;;;;;;;;;;;;;;;;;;;;
;;;;;;;;;;;;;;;;;;;;;;
;;;;;;;;;;;;;;;;;;;;;;
;;;;;;;;;;;;;;;;;;;;;;
;;;;;;;;;;;;;;;;;;;;;;
;;;;;;;;;;;;;;;;;;;;;;
;;;;;;;;;;;;;;;;;;;;;;
;;;;;;;;;;;;;;;;;;;;;;
;;;;;;;;;;;;;;;;;;;;;;
;;;;;;;;;;;;;;;;;;;;;;
;;;;;;;;;;;;;;;;;;;;;;
;;;;;;;;;;;;;;;;;;;;;;
;;;;;;;;;;;;;;;;;;;;;;
;;;;;;;;;;;;;;;;;;;;;;
;;;;;;;;;;;;;;;;;;;;;;
;;;;;;;;;;;;;;;;;;;;;;
;;;;;;;;;;;;;;;;;;;;;;
;;;;;;;;;;;;;;;;;;;;;;
;;;;;;;;;;;;;;;;;;;;;;
;;;;;;;;;;;;;;;;;;;;;;
;;;;;;;;;;;;;;;;;;;;;;
;;;;;;;;;;;;;;;;;;;;;;
;;;;;;;;;;;;;;;;;;;;;;
;;;;;;;;;;;;;;;;;;;;;;
;;;;;;;;;;;;;;;;;;;;;;
;;;;;;;;;;;;;;;;;;;;;;
;;;;;;;;;;;;;;;;;;;;;;
;;;;;;;;;;;;;;;;;;;;;;
;;;;;;;;;;;;;;;;;;;;;;
;;;;;;;;;;;;;;;;;;;;;;
;;;;;;;;;;;;;;;;;;;;;;
;;;;;;;;;;;;;;;;;;;;;;
;;;;;;;;;;;;;;;;;;;;;;
;;;;;;;;;;;;;;;;;;;;;;
;;;;;;;;;;;;;;;;;;;;;;
;;;;;;;;;;;;;;;;;;;;;;
;;;;;;;;;;;;;;;;;;;;;;
;;;;;;;;;;;;;;;;;;;;;;
;;;;;;;;;;;;;;;;;;;;;;
;;;;;;;;;;;;;;;;;;;;;;
;;;;;;;;;;;;;;;;;;;;;;
;;;;;;;;;;;;;;;;;;;;;;
;;;;;;;;;;;;;;;;;;;;;;
;;;;;;;;;;;;;;;;;;;;;;
;;;;;;;;;;;;;;;;;;;;;;
;;;;;;;;;;;;;;;;;;;;;;
;;;;;;;;;;;;;;;;;;;;;;
;;;;;;;;;;;;;;;;;;;;;;
;;;;;;;;;;;;;;;;;;;;;;
;;;;;;;;;;;;;;;;;;;;;;
;;;;;;;;;;;;;;;;;;;;;;
;;;;;;;;;;;;;;;;;;;;;;
;;;;;;;;;;;;;;;;;;;;;;
;;;;;;;;;;;;;;;;;;;;;;
;;;;;;;;;;;;;;;;;;;;;;
;;;;;;;;;;;;;;;;;;;;;;
;;;;;;;;;;;;;;;;;;;;;;
;;;;;;;;;;;;;;;;;;;;;;
;;;;;;;;;;;;;;;;;;;;;;
;;;;;;;;;;;;;;;;;;;;;;
;;;;;;;;;;;;;;;;;;;;;;
;;;;;;;;;;;;;;;;;;;;;;
;;;;;;;;;;;;;;;;;;;;;;
;;;;;;;;;;;;;;;;;;;;;;
;;;;;;;;;;;;;;;;;;;;;;
;;;;;;;;;;;;;;;;;;;;;;
;;;;;;;;;;;;;;;;;;;;;;
;;;;;;;;;;;;;;;;;;;;;;
;;;;;;;;;;;;;;;;;;;;;;
;;;;;;;;;;;;;;;;;;;;;;
;;;;;;;;;;;;;;;;;;;;;;
;;;;;;;;;;;;;;;;;;;;;;
;;;;;;;;;;;;;;;;;;;;;;
;;;;;;;;;;;;;;;;;;;;;;
;;;;;;;;;;;;;;;;;;;;;;
;;;;;;;;;;;;;;;;;;;;;;
;;;;;;;;;;;;;;;;;;;;;;
;;;;;;;;;;;;;;;;;;;;;;
;;;;;;;;;;;;;;;;;;;;;;
;;;;;;;;;;;;;;;;;;;;;;
;;;;;;;;;;;;;;;;;;;;;;
;;;;;;;;;;;;;;;;;;;;;;
;;;;;;;;;;;;;;;;;;;;;;
;;;;;;;;;;;;;;;;;;;;;;
;;;;;;;;;;;;;;;;;;;;;;
;;;;;;;;;;;;;;;;;;;;;;
;;;;;;;;;;;;;;;;;;;;;;
;;;;;;;;;;;;;;;;;;;;;;
;;;;;;;;;;;;;;;;;;;;;;
;;;;;;;;;;;;;;;;;;;;;;
;;;;;;;;;;;;;;;;;;;;;;
;;;;;;;;;;;;;;;;;;;;;;
;;;;;;;;;;;;;;;;;;;;;;
;;;;;;;;;;;;;;;;;;;;;;
;;;;;;;;;;;;;;;;;;;;;;
;;;;;;;;;;;;;;;;;;;;;;
;;;;;;;;;;;;;;;;;;;;;;
;;;;;;;;;;;;;;;;;;;;;;
;;;;;;;;;;;;;;;;;;;;;;
;;;;;;;;;;;;;;;;;;;;;;
;;;;;;;;;;;;;;;;;;;;;;
;;;;;;;;;;;;;;;;;;;;;;
;;;;;;;;;;;;;;;;;;;;;;
;;;;;;;;;;;;;;;;;;;;;;
;;;;;;;;;;;;;;;;;;;;;;
;;;;;;;;;;;;;;;;;;;;;;
;;;;;;;;;;;;;;;;;;;;;;
;;;;;;;;;;;;;;;;;;;;;;
;;;;;;;;;;;;;;;;;;;;;;
;;;;;;;;;;;;;;;;;;;;;;
;;;;;;;;;;;;;;;;;;;;;;
;;;;;;;;;;;;;;;;;;;;;;
;;;;;;;;;;;;;;;;;;;;;;
;;;;;;;;;;;;;;;;;;;;;;
;;;;;;;;;;;;;;;;;;;;;;
;;;;;;;;;;;;;;;;;;;;;;
;;;;;;;;;;;;;;;;;;;;;;
;;;;;;;;;;;;;;;;;;;;;;
;;;;;;;;;;;;;;;;;;;;;;
;;;;;;;;;;;;;;;;;;;;;;
;;;;;;;;;;;;;;;;;;;;;;
;;;;;;;;;;;;;;;;;;;;;;
;;;;;;;;;;;;;;;;;;;;;;
;;;;;;;;;;;;;;;;;;;;;;
;;;;;;;;;;;;;;;;;;;;;;
;;;;;;;;;;;;;;;;;;;;;;
;;;;;;;;;;;;;;;;;;;;;;
;;;;;;;;;;;;;;;;;;;;;;
;;;;;;;;;;;;;;;;;;;;;;
;;;;;;;;;;;;;;;;;;;;;;
;;;;;;;;;;;;;;;;;;;;;;
;;;;;;;;;;;;;;;;;;;;;;
;;;;;;;;;;;;;;;;;;;;;;
;;;;;;;;;;;;;;;;;;;;;;
;;;;;;;;;;;;;;;;;;;;;;
;;;;;;;;;;;;;;;;;;;;;;
;;;;;;;;;;;;;;;;;;;;;;
;;;;;;;;;;;;;;;;;;;;;;
;;;;;;;;;;;;;;;;;;;;;;
;;;;;;;;;;;;;;;;;;;;;;
;;;;;;;;;;;;;;;;;;;;;;
;;;;;;;;;;;;;;;;;;;;;;
;;;;;;;;;;;;;;;;;;;;;;
;;;;;;;;;;;;;;;;;;;;;;
;;;;;;;;;;;;;;;;;;;;;;
;;;;;;;;;;;;;;;;;;;;;;
;;;;;;;;;;;;;;;;;;;;;;
;;;;;;;;;;;;;;;;;;;;;;
;;;;;;;;;;;;;;;;;;;;;;
;;;;;;;;;;;;;;;;;;;;;;
;;;;;;;;;;;;;;;;;;;;;;
;;;;;;;;;;;;;;;;;;;;;;
;;;;;;;;;;;;;;;;;;;;;;
;;;;;;;;;;;;;;;;;;;;;;
;;;;;;;;;;;;;;;;;;;;;;
;;;;;;;;;;;;;;;;;;;;;;
;;;;;;;;;;;;;;;;;;;;;;
;;;;;;;;;;;;;;;;;;;;;;
;;;;;;;;;;;;;;;;;;;;;;
;;;;;;;;;;;;;;;;;;;;;;
;;;;;;;;;;;;;;;;;;;;;;
;;;;;;;;;;;;;;;;;;;;;;
;;;;;;;;;;;;;;;;;;;;;;
;;;;;;;;;;;;;;;;;;;;;;
;;;;;;;;;;;;;;;;;;;;;;
;;;;;;;;;;;;;;;;;;;;;;
;;;;;;;;;;;;;;;;;;;;;;
;;;;;;;;;;;;;;;;;;;;;;
;;;;;;;;;;;;;;;;;;;;;;
;;;;;;;;;;;;;;;;;;;;;;
;;;;;;;;;;;;;;;;;;;;;;
;;;;;;;;;;;;;;;;;;;;;;
;;;;;;;;;;;;;;;;;;;;;;
;;;;;;;;;;;;;;;;;;;;;;
;;;;;;;;;;;;;;;;;;;;;;
;;;;;;;;;;;;;;;;;;;;;;
;;;;;;;;;;;;;;;;;;;;;;
;;;;;;;;;;;;;;;;;;;;;;
;;;;;;;;;;;;;;;;;;;;;;
;;;;;;;;;;;;;;;;;;;;;;
;;;;;;;;;;;;;;;;;;;;;;
;;;;;;;;;;;;;;;;;;;;;;
;;;;;;;;;;;;;;;;;;;;;;
;;;;;;;;;;;;;;;;;;;;;;
;;;;;;;;;;;;;;;;;;;;;;
;;;;;;;;;;;;;;;;;;;;;;
;;;;;;;;;;;;;;;;;;;;;;
;;;;;;;;;;;;;;;;;;;;;;
;;;;;;;;;;;;;;;;;;;;;;
;;;;;;;;;;;;;;;;;;;;;;
;;;;;;;;;;;;;;;;;;;;;;
;;;;;;;;;;;;;;;;;;;;;;
;;;;;;;;;;;;;;;;;;;;;;
;;;;;;;;;;;;;;;;;;;;;;
;;;;;;;;;;;;;;;;;;;;;;
;;;;;;;;;;;;;;;;;;;;;;
;;;;;;;;;;;;;;;;;;;;;;
;;;;;;;;;;;;;;;;;;;;;;
;;;;;;;;;;;;;;;;;;;;;;
;;;;;;;;;;;;;;;;;;;;;;
;;;;;;;;;;;;;;;;;;;;;;
;;;;;;;;;;;;;;;;;;;;;;
;;;;;;;;;;;;;;;;;;;;;;
;;;;;;;;;;;;;;;;;;;;;;
;;;;;;;;;;;;;;;;;;;;;;
;;;;;;;;;;;;;;;;;;;;;;
;;;;;;;;;;;;;;;;;;;;;;
;;;;;;;;;;;;;;;;;;;;;;
;;;;;;;;;;;;;;;;;;;;;;
;;;;;;;;;;;;;;;;;;;;;;
;;;;;;;;;;;;;;;;;;;;;;
;;;;;;;;;;;;;;;;;;;;;;
;;;;;;;;;;;;;;;;;;;;;;
;;;;;;;;;;;;;;;;;;;;;;
;;;;;;;;;;;;;;;;;;;;;;
;;;;;;;;;;;;;;;;;;;;;;
;;;;;;;;;;;;;;;;;;;;;;
;;;;;;;;;;;;;;;;;;;;;;
;;;;;;;;;;;;;;;;;;;;;;
;;;;;;;;;;;;;;;;;;;;;;
;;;;;;;;;;;;;;;;;;;;;;
;;;;;;;;;;;;;;;;;;;;;;
;;;;;;;;;;;;;;;;;;;;;;
;;;;;;;;;;;;;;;;;;;;;;
;;;;;;;;;;;;;;;;;;;;;;
;;;;;;;;;;;;;;;;;;;;;;
;;;;;;;;;;;;;;;;;;;;;;
;;;;;;;;;;;;;;;;;;;;;;
;;;;;;;;;;;;;;;;;;;;;;
;;;;;;;;;;;;;;;;;;;;;;
;;;;;;;;;;;;;;;;;;;;;;
;;;;;;;;;;;;;;;;;;;;;;
;;;;;;;;;;;;;;;;;;;;;;
;;;;;;;;;;;;;;;;;;;;;;
;;;;;;;;;;;;;;;;;;;;;;
;;;;;;;;;;;;;;;;;;;;;;
;;;;;;;;;;;;;;;;;;;;;;
;;;;;;;;;;;;;;;;;;;;;;
;;;;;;;;;;;;;;;;;;;;;;
;;;;;;;;;;;;;;;;;;;;;;
;;;;;;;;;;;;;;;;;;;;;;
;;;;;;;;;;;;;;;;;;;;;;
;;;;;;;;;;;;;;;;;;;;;;
;;;;;;;;;;;;;;;;;;;;;;
;;;;;;;;;;;;;;;;;;;;;;
;;;;;;;;;;;;;;;;;;;;;;
;;;;;;;;;;;;;;;;;;;;;;
;;;;;;;;;;;;;;;;;;;;;;
;;;;;;;;;;;;;;;;;;;;;;
;;;;;;;;;;;;;;;;;;;;;;
;;;;;;;;;;;;;;;;;;;;;;
;;;;;;;;;;;;;;;;;;;;;;
;;;;;;;;;;;;;;;;;;;;;;
;;;;;;;;;;;;;;;;;;;;;;
;;;;;;;;;;;;;;;;;;;;;;
;;;;;;;;;;;;;;;;;;;;;;
;;;;;;;;;;;;;;;;;;;;;;
;;;;;;;;;;;;;;;;;;;;;;
;;;;;;;;;;;;;;;;;;;;;;
;;;;;;;;;;;;;;;;;;;;;;
;;;;;;;;;;;;;;;;;;;;;;
;;;;;;;;;;;;;;;;;;;;;;
;;;;;;;;;;;;;;;;;;;;;;
;;;;;;;;;;;;;;;;;;;;;;
;;;;;;;;;;;;;;;;;;;;;;
;;;;;;;;;;;;;;;;;;;;;;
;;;;;;;;;;;;;;;;;;;;;;
;;;;;;;;;;;;;;;;;;;;;;
;;;;;;;;;;;;;;;;;;;;;;
;;;;;;;;;;;;;;;;;;;;;;
;;;;;;;;;;;;;;;;;;;;;;
;;;;;;;;;;;;;;;;;;;;;;
;;;;;;;;;;;;;;;;;;;;;;
;;;;;;;;;;;;;;;;;;;;;;
;;;;;;;;;;;;;;;;;;;;;;
;;;;;;;;;;;;;;;;;;;;;;
;;;;;;;;;;;;;;;;;;;;;;
;;;;;;;;;;;;;;;;;;;;;;
;;;;;;;;;;;;;;;;;;;;;;
;;;;;;;;;;;;;;;;;;;;;;
;;;;;;;;;;;;;;;;;;;;;;
;;;;;;;;;;;;;;;;;;;;;;
;;;;;;;;;;;;;;;;;;;;;;
;;;;;;;;;;;;;;;;;;;;;;
;;;;;;;;;;;;;;;;;;;;;;
;;;;;;;;;;;;;;;;;;;;;;
;;;;;;;;;;;;;;;;;;;;;;
;;;;;;;;;;;;;;;;;;;;;;
;;;;;;;;;;;;;;;;;;;;;;
;;;;;;;;;;;;;;;;;;;;;;
;;;;;;;;;;;;;;;;;;;;;;
;;;;;;;;;;;;;;;;;;;;;;
;;;;;;;;;;;;;;;;;;;;;;
;;;;;;;;;;;;;;;;;;;;;;
;;;;;;;;;;;;;;;;;;;;;;
;;;;;;;;;;;;;;;;;;;;;;
;;;;;;;;;;;;;;;;;;;;;;
;;;;;;;;;;;;;;;;;;;;;;
;;;;;;;;;;;;;;;;;;;;;;
;;;;;;;;;;;;;;;;;;;;;;
;;;;;;;;;;;;;;;;;;;;;;
;;;;;;;;;;;;;;;;;;;;;;
;;;;;;;;;;;;;;;;;;;;;;
;;;;;;;;;;;;;;;;;;;;;;
;;;;;;;;;;;;;;;;;;;;;;
;;;;;;;;;;;;;;;;;;;;;;
;;;;;;;;;;;;;;;;;;;;;;
;;;;;;;;;;;;;;;;;;;;;;
;;;;;;;;;;;;;;;;;;;;;;
;;;;;;;;;;;;;;;;;;;;;;
;;;;;;;;;;;;;;;;;;;;;;
;;;;;;;;;;;;;;;;;;;;;;
;;;;;;;;;;;;;;;;;;;;;;
;;;;;;;;;;;;;;;;;;;;;;
;;;;;;;;;;;;;;;;;;;;;;
;;;;;;;;;;;;;;;;;;;;;;
;;;;;;;;;;;;;;;;;;;;;;
;;;;;;;;;;;;;;;;;;;;;;
;;;;;;;;;;;;;;;;;;;;;;
;;;;;;;;;;;;;;;;;;;;;;
;;;;;;;;;;;;;;;;;;;;;;
;;;;;;;;;;;;;;;;;;;;;;
;;;;;;;;;;;;;;;;;;;;;;
;;;;;;;;;;;;;;;;;;;;;;
;;;;;;;;;;;;;;;;;;;;;;
;;;;;;;;;;;;;;;;;;;;;;
;;;;;;;;;;;;;;;;;;;;;;
;;;;;;;;;;;;;;;;;;;;;;
;;;;;;;;;;;;;;;;;;;;;;
;;;;;;;;;;;;;;;;;;;;;;
;;;;;;;;;;;;;;;;;;;;;;
;;;;;;;;;;;;;;;;;;;;;;
;;;;;;;;;;;;;;;;;;;;;;
;;;;;;;;;;;;;;;;;;;;;;
;;;;;;;;;;;;;;;;;;;;;;
;;;;;;;;;;;;;;;;;;;;;;
;;;;;;;;;;;;;;;;;;;;;;
;;;;;;;;;;;;;;;;;;;;;;
;;;;;;;;;;;;;;;;;;;;;;
;;;;;;;;;;;;;;;;;;;;;;
;;;;;;;;;;;;;;;;;;;;;;
;;;;;;;;;;;;;;;;;;;;;;
;;;;;;;;;;;;;;;;;;;;;;
;;;;;;;;;;;;;;;;;;;;;;
;;;;;;;;;;;;;;;;;;;;;;
;;;;;;;;;;;;;;;;;;;;;;
;;;;;;;;;;;;;;;;;;;;;;
;;;;;;;;;;;;;;;;;;;;;;
;;;;;;;;;;;;;;;;;;;;;;
;;;;;;;;;;;;;;;;;;;;;;
;;;;;;;;;;;;;;;;;;;;;;
;;;;;;;;;;;;;;;;;;;;;;
;;;;;;;;;;;;;;;;;;;;;;
;;;;;;;;;;;;;;;;;;;;;;
;;;;;;;;;;;;;;;;;;;;;;
;;;;;;;;;;;;;;;;;;;;;;
;;;;;;;;;;;;;;;;;;;;;;
;;;;;;;;;;;;;;;;;;;;;;
;;;;;;;;;;;;;;;;;;;;;;
;;;;;;;;;;;;;;;;;;;;;;
;;;;;;;;;;;;;;;;;;;;;;
;;;;;;;;;;;;;;;;;;;;;;
;;;;;;;;;;;;;;;;;;;;;;
;;;;;;;;;;;;;;;;;;;;;;
;;;;;;;;;;;;;;;;;;;;;;
;;;;;;;;;;;;;;;;;;;;;;
;;;;;;;;;;;;;;;;;;;;;;
;;;;;;;;;;;;;;;;;;;;;;
;;;;;;;;;;;;;;;;;;;;;;
;;;;;;;;;;;;;;;;;;;;;;
;;;;;;;;;;;;;;;;;;;;;;
;;;;;;;;;;;;;;;;;;;;;;
;;;;;;;;;;;;;;;;;;;;;;
;;;;;;;;;;;;;;;;;;;;;;
;;;;;;;;;;;;;;;;;;;;;;
;;;;;;;;;;;;;;;;;;;;;;
;;;;;;;;;;;;;;;;;;;;;;
;;;;;;;;;;;;;;;;;;;;;;
;;;;;;;;;;;;;;;;;;;;;;
;;;;;;;;;;;;;;;;;;;;;;
;;;;;;;;;;;;;;;;;;;;;;
;;;;;;;;;;;;;;;;;;;;;;
;;;;;;;;;;;;;;;;;;;;;;
;;;;;;;;;;;;;;;;;;;;;;
;;;;;;;;;;;;;;;;;;;;;;
;;;;;;;;;;;;;;;;;;;;;;
;;;;;;;;;;;;;;;;;;;;;;
;;;;;;;;;;;;;;;;;;;;;;
;;;;;;;;;;;;;;;;;;;;;;
;;;;;;;;;;;;;;;;;;;;;;
;;;;;;;;;;;;;;;;;;;;;;
;;;;;;;;;;;;;;;;;;;;;;
;;;;;;;;;;;;;;;;;;;;;;
;;;;;;;;;;;;;;;;;;;;;;
;;;;;;;;;;;;;;;;;;;;;;
;;;;;;;;;;;;;;;;;;;;;;
;;;;;;;;;;;;;;;;;;;;;;
;;;;;;;;;;;;;;;;;;;;;;
;;;;;;;;;;;;;;;;;;;;;;
;;;;;;;;;;;;;;;;;;;;;;
;;;;;;;;;;;;;;;;;;;;;;
;;;;;;;;;;;;;;;;;;;;;;
;;;;;;;;;;;;;;;;;;;;;;
;;;;;;;;;;;;;;;;;;;;;;
;;;;;;;;;;;;;;;;;;;;;;
;;;;;;;;;;;;;;;;;;;;;;
;;;;;;;;;;;;;;;;;;;;;;
;;;;;;;;;;;;;;;;;;;;;;
;;;;;;;;;;;;;;;;;;;;;;
;;;;;;;;;;;;;;;;;;;;;;
;;;;;;;;;;;;;;;;;;;;;;
;;;;;;;;;;;;;;;;;;;;;;
;;;;;;;;;;;;;;;;;;;;;;
;;;;;;;;;;;;;;;;;;;;;;
;;;;;;;;;;;;;;;;;;;;;;
;;;;;;;;;;;;;;;;;;;;;;
;;;;;;;;;;;;;;;;;;;;;;
;;;;;;;;;;;;;;;;;;;;;;
;;;;;;;;;;;;;;;;;;;;;;
;;;;;;;;;;;;;;;;;;;;;;
;;;;;;;;;;;;;;;;;;;;;;
;;;;;;;;;;;;;;;;;;;;;;
;;;;;;;;;;;;;;;;;;;;;;
;;;;;;;;;;;;;;;;;;;;;;
;;;;;;;;;;;;;;;;;;;;;;
;;;;;;;;;;;;;;;;;;;;;;
;;;;;;;;;;;;;;;;;;;;;;
;;;;;;;;;;;;;;;;;;;;;;
;;;;;;;;;;;;;;;;;;;;;;
;;;;;;;;;;;;;;;;;;;;;;
;;;;;;;;;;;;;;;;;;;;;;
;;;;;;;;;;;;;;;;;;;;;;
;;;;;;;;;;;;;;;;;;;;;;
;;;;;;;;;;;;;;;;;;;;;;
;;;;;;;;;;;;;;;;;;;;;;
;;;;;;;;;;;;;;;;;;;;;;
;;;;;;;;;;;;;;;;;;;;;;
;;;;;;;;;;;;;;;;;;;;;;
;;;;;;;;;;;;;;;;;;;;;;
;;;;;;;;;;;;;;;;;;;;;;
;;;;;;;;;;;;;;;;;;;;;;
;;;;;;;;;;;;;;;;;;;;;;
;;;;;;;;;;;;;;;;;;;;;;
;;;;;;;;;;;;;;;;;;;;;;
;;;;;;;;;;;;;;;;;;;;;;
;;;;;;;;;;;;;;;;;;;;;;
;;;;;;;;;;;;;;;;;;;;;;
;;;;;;;;;;;;;;;;;;;;;;
;;;;;;;;;;;;;;;;;;;;;;
;;;;;;;;;;;;;;;;;;;;;;
;;;;;;;;;;;;;;;;;;;;;;
;;;;;;;;;;;;;;;;;;;;;;
;;;;;;;;;;;;;;;;;;;;;;
;;;;;;;;;;;;;;;;;;;;;;
;;;;;;;;;;;;;;;;;;;;;;
;;;;;;;;;;;;;;;;;;;;;;
;;;;;;;;;;;;;;;;;;;;;;
;;;;;;;;;;;;;;;;;;;;;;
;;;;;;;;;;;;;;;;;;;;;;
;;;;;;;;;;;;;;;;;;;;;;
;;;;;;;;;;;;;;;;;;;;;;
;;;;;;;;;;;;;;;;;;;;;;
;;;;;;;;;;;;;;;;;;;;;;
;;;;;;;;;;;;;;;;;;;;;;
;;;;;;;;;;;;;;;;;;;;;;
;;;;;;;;;;;;;;;;;;;;;;
;;;;;;;;;;;;;;;;;;;;;;
;;;;;;;;;;;;;;;;;;;;;;
;;;;;;;;;;;;;;;;;;;;;;
;;;;;;;;;;;;;;;;;;;;;;
;;;;;;;;;;;;;;;;;;;;;;
;;;;;;;;;;;;;;;;;;;;;;
;;;;;;;;;;;;;;;;;;;;;;
;;;;;;;;;;;;;;;;;;;;;;
;;;;;;;;;;;;;;;;;;;;;;
;;;;;;;;;;;;;;;;;;;;;;
;;;;;;;;;;;;;;;;;;;;;;
;;;;;;;;;;;;;;;;;;;;;;
;;;;;;;;;;;;;;;;;;;;;;
;;;;;;;;;;;;;;;;;;;;;;
;;;;;;;;;;;;;;;;;;;;;;
;;;;;;;;;;;;;;;;;;;;;;
;;;;;;;;;;;;;;;;;;;;;;
;;;;;;;;;;;;;;;;;;;;;;
;;;;;;;;;;;;;;;;;;;;;;
;;;;;;;;;;;;;;;;;;;;;;
;;;;;;;;;;;;;;;;;;;;;;
;;;;;;;;;;;;;;;;;;;;;;
;;;;;;;;;;;;;;;;;;;;;;
;;;;;;;;;;;;;;;;;;;;;;
;;;;;;;;;;;;;;;;;;;;;;
;;;;;;;;;;;;;;;;;;;;;;
;;;;;;;;;;;;;;;;;;;;;;
;;;;;;;;;;;;;;;;;;;;;;
;;;;;;;;;;;;;;;;;;;;;;
;;;;;;;;;;;;;;;;;;;;;;
;;;;;;;;;;;;;;;;;;;;;;
;;;;;;;;;;;;;;;;;;;;;;
;;;;;;;;;;;;;;;;;;;;;;
;;;;;;;;;;;;;;;;;;;;;;
;;;;;;;;;;;;;;;;;;;;;;
;;;;;;;;;;;;;;;;;;;;;;
;;;;;;;;;;;;;;;;;;;;;;
;;;;;;;;;;;;;;;;;;;;;;
;;;;;;;;;;;;;;;;;;;;;;
;;;;;;;;;;;;;;;;;;;;;;
;;;;;;;;;;;;;;;;;;;;;;
;;;;;;;;;;;;;;;;;;;;;;
;;;;;;;;;;;;;;;;;;;;;;
;;;;;;;;;;;;;;;;;;;;;;
;;;;;;;;;;;;;;;;;;;;;;
;;;;;;;;;;;;;;;;;;;;;;
;;;;;;;;;;;;;;;;;;;;;;
;;;;;;;;;;;;;;;;;;;;;;
;;;;;;;;;;;;;;;;;;;;;;
;;;;;;;;;;;;;;;;;;;;;;
;;;;;;;;;;;;;;;;;;;;;;
;;;;;;;;;;;;;;;;;;;;;;
;;;;;;;;;;;;;;;;;;;;;;
;;;;;;;;;;;;;;;;;;;;;;
;;;;;;;;;;;;;;;;;;;;;;
;;;;;;;;;;;;;;;;;;;;;;
;;;;;;;;;;;;;;;;;;;;;;
;;;;;;;;;;;;;;;;;;;;;;
;;;;;;;;;;;;;;;;;;;;;;
;;;;;;;;;;;;;;;;;;;;;;
;;;;;;;;;;;;;;;;;;;;;;
;;;;;;;;;;;;;;;;;;;;;;
;;;;;;;;;;;;;;;;;;;;;;
;;;;;;;;;;;;;;;;;;;;;;
;;;;;;;;;;;;;;;;;;;;;;
;;;;;;;;;;;;;;;;;;;;;;
;;;;;;;;;;;;;;;;;;;;;;
;;;;;;;;;;;;;;;;;;;;;;
;;;;;;;;;;;;;;;;;;;;;;
;;;;;;;;;;;;;;;;;;;;;;
;;;;;;;;;;;;;;;;;;;;;;
;;;;;;;;;;;;;;;;;;;;;;
;;;;;;;;;;;;;;;;;;;;;;
;;;;;;;;;;;;;;;;;;;;;;
;;;;;;;;;;;;;;;;;;;;;;
;;;;;;;;;;;;;;;;;;;;;;
;;;;;;;;;;;;;;;;;;;;;;
;;;;;;;;;;;;;;;;;;;;;;
;;;;;;;;;;;;;;;;;;;;;;
;;;;;;;;;;;;;;;;;;;;;;
;;;;;;;;;;;;;;;;;;;;;;
;;;;;;;;;;;;;;;;;;;;;;
;;;;;;;;;;;;;;;;;;;;;;
;;;;;;;;;;;;;;;;;;;;;;
;;;;;;;;;;;;;;;;;;;;;;
;;;;;;;;;;;;;;;;;;;;;;
;;;;;;;;;;;;;;;;;;;;;;
;;;;;;;;;;;;;;;;;;;;;;
;;;;;;;;;;;;;;;;;;;;;;
;;;;;;;;;;;;;;;;;;;;;;
;;;;;;;;;;;;;;;;;;;;;;
;;;;;;;;;;;;;;;;;;;;;;
;;;;;;;;;;;;;;;;;;;;;;
;;;;;;;;;;;;;;;;;;;;;;
;;;;;;;;;;;;;;;;;;;;;;
;;;;;;;;;;;;;;;;;;;;;;
;;;;;;;;;;;;;;;;;;;;;;
;;;;;;;;;;;;;;;;;;;;;;
;;;;;;;;;;;;;;;;;;;;;;
;;;;;;;;;;;;;;;;;;;;;;
;;;;;;;;;;;;;;;;;;;;;;
;;;;;;;;;;;;;;;;;;;;;;
;;;;;;;;;;;;;;;;;;;;;;
;;;;;;;;;;;;;;;;;;;;;;
;;;;;;;;;;;;;;;;;;;;;;
;;;;;;;;;;;;;;;;;;;;;;
;;;;;;;;;;;;;;;;;;;;;;
;;;;;;;;;;;;;;;;;;;;;;
;;;;;;;;;;;;;;;;;;;;;;
;;;;;;;;;;;;;;;;;;;;;;
;;;;;;;;;;;;;;;;;;;;;;
;;;;;;;;;;;;;;;;;;;;;;
;;;;;;;;;;;;;;;;;;;;;;
;;;;;;;;;;;;;;;;;;;;;;
;;;;;;;;;;;;;;;;;;;;;;
;;;;;;;;;;;;;;;;;;;;;;
;;;;;;;;;;;;;;;;;;;;;;
;;;;;;;;;;;;;;;;;;;;;;
;;;;;;;;;;;;;;;;;;;;;;
;;;;;;;;;;;;;;;;;;;;;;
;;;;;;;;;;;;;;;;;;;;;;
;;;;;;;;;;;;;;;;;;;;;;
;;;;;;;;;;;;;;;;;;;;;;
;;;;;;;;;;;;;;;;;;;;;;
;;;;;;;;;;;;;;;;;;;;;;
;;;;;;;;;;;;;;;;;;;;;;
;;;;;;;;;;;;;;;;;;;;;;
;;;;;;;;;;;;;;;;;;;;;;
;;;;;;;;;;;;;;;;;;;;;;
;;;;;;;;;;;;;;;;;;;;;;
;;;;;;;;;;;;;;;;;;;;;;
;;;;;;;;;;;;;;;;;;;;;;
;;;;;;;;;;;;;;;;;;;;;;
;;;;;;;;;;;;;;;;;;;;;;
;;;;;;;;;;;;;;;;;;;;;;
;;;;;;;;;;;;;;;;;;;;;;
;;;;;;;;;;;;;;;;;;;;;;
;;;;;;;;;;;;;;;;;;;;;;
